{
  "metadata": {
    "seed": 1
  },
  "checkpoints": {
    "after_stream_tiny": {
      "tiny_T1_000": {
        "sr": 0.0,
        "nr": -0.33509401709605574,
        "eta": null
      },
      "tiny_T2_000": {
        "sr": 1.0,
        "nr": -0.0001880341411655777,
        "eta": 0.7458333333333333
      },
      "tiny_T3_000": {
        "sr": 0.0,
        "nr": -0.3418803418803425,
        "eta": null
      },
      "tiny_T4_000": {
        "sr": 1.0,
        "nr": -0.030564102270664313,
        "eta": 0.6218181818181817
      },
      "small-linear_T1_000": {
        "sr": 1.0,
        "nr": -0.6443202979515796,
        "eta": 0.03468208092485549
      },
      "small-linear_T2_000": {
        "sr": 1.0,
        "nr": -0.6443202980625753,
        "eta": 0.03468208092485549
      },
      "small-linear_T3_000": {
        "sr": 1.0,
        "nr": -1.9368715083798882,
        "eta": 0.034612289397604336
      },
      "small-linear_T4_000": {
        "sr": 1.0,
        "nr": -1.9360335195530727,
        "eta": 0.034627367073334935
      }
    },
    "after_stream_small-linear": {
      "tiny_T1_000": {
        "sr": 0.95,
        "nr": -0.4913820512376279,
        "eta": 0.06822118343501538
      },
      "tiny_T2_000": {
        "sr": 0.0,
        "nr": -0.5195384615404983,
        "eta": null
      },
      "tiny_T3_000": {
        "sr": 0.0,
        "nr": -0.3418803418803425,
        "eta": null
      },
      "tiny_T4_000": {
        "sr": 0.0,
        "nr": -0.3418803418803425,
        "eta": null
      },
      "small-linear_T1_000": {
        "sr": 1.0,
        "nr": -0.6443202979515796,
        "eta": 0.03468208092485549
      },
      "small-linear_T2_000": {
        "sr": 1.0,
        "nr": -0.6443202980625753,
        "eta": 0.03468208092485549
      },
      "small-linear_T3_000": {
        "sr": 0.0,
        "nr": -0.9368715083798906,
        "eta": null
      },
      "small-linear_T4_000": {
        "sr": 0.0,
        "nr": -0.9387337057728141,
        "eta": null
      }
    },
    "final": {
      "tiny_T1_000": {
        "sr": 0.0,
        "nr": -0.33509401709605574,
        "eta": null
      },
      "tiny_T2_000": {
        "sr": 1.0,
        "nr": -0.00010256405569549223,
        "eta": 0.75
      },
      "tiny_T3_000": {
        "sr": 0.0,
        "nr": -0.3418803418803425,
        "eta": null
      },
      "tiny_T4_000": {
        "sr": 1.0,
        "nr": -0.030564102270664313,
        "eta": 0.6228496503496503
      },
      "small-linear_T1_000": {
        "sr": 1.0,
        "nr": -0.6443202979515796,
        "eta": 0.03468208092485549
      },
      "small-linear_T2_000": {
        "sr": 1.0,
        "nr": -0.6443202980625753,
        "eta": 0.03468208092485549
      },
      "small-linear_T3_000": {
        "sr": 1.0,
        "nr": -1.9357541899441342,
        "eta": 0.03463219290722781
      },
      "small-linear_T4_000": {
        "sr": 1.0,
        "nr": -1.9357541899441342,
        "eta": 0.03463219290722782
      }
    }
  },
  "training_curves": {
    "tiny_T1_000": {
      "episode_rewards": [
        -0.019999990860620986
      ],
      "ttt": 1
    },
    "tiny_T2_000": {
      "episode_rewards": [
        -0.019999990860620986
      ],
      "ttt": 1
    },
    "tiny_T3_000": {
      "episode_rewards": [
        -66.6666666666668
      ],
      "ttt": 1
    },
    "tiny_T4_000": {
      "episode_rewards": [
        -5.059999942779541
      ],
      "ttt": 1
    },
    "small-linear_T1_000": {
      "episode_rewards": [
        -115.33333333333277
      ],
      "ttt": 1
    },
    "small-linear_T2_000": {
      "episode_rewards": [
        -115.333333353201
      ],
      "ttt": 1
    },
    "small-linear_T3_000": {
      "episode_rewards": [
        -119.33333333333272
      ],
      "ttt": 1
    },
    "small-linear_T4_000": {
      "episode_rewards": [
        -167.3333333333337
      ],
      "ttt": 1
    }
  },
  "forgetting": {
    "F_matrix": [
      [
        NaN,
        -0.15628803414157216
      ],
      [
        NaN,
        -0.5193504273993328
      ],
      [
        NaN,
        0.0
      ],
      [
        NaN,
        -0.3113162396096782
      ],
      [
        NaN,
        0.0
      ],
      [
        NaN,
        0.0
      ],
      [
        NaN,
        0.9999999999999976
      ],
      [
        NaN,
        0.9972998137802586
      ]
    ],
    "Z_vector": [
      NaN,
      NaN,
      NaN,
      NaN,
      NaN,
      NaN,
      NaN,
      NaN
    ],
    "nr_after": [
      [
        -0.4913820512376279,
        -0.33509401709605574
      ],
      [
        -0.5195384615404983,
        -0.0001880341411655777
      ],
      [
        -0.3418803418803425,
        -0.3418803418803425
      ],
      [
        -0.3418803418803425,
        -0.030564102270664313
      ],
      [
        -0.6443202979515796,
        -0.6443202979515796
      ],
      [
        -0.6443202980625753,
        -0.6443202980625753
      ],
      [
        -0.9368715083798906,
        -1.9368715083798882
      ],
      [
        -0.9387337057728141,
        -1.9360335195530727
      ]
    ],
    "task_names": [
      "tiny_T1_000",
      "tiny_T2_000",
      "tiny_T3_000",
      "tiny_T4_000",
      "small-linear_T1_000",
      "small-linear_T2_000",
      "small-linear_T3_000",
      "small-linear_T4_000"
    ],
    "tier_names": [
      "stream_small-linear",
      "stream_tiny"
    ],
    "summary": {
      "mean_forgetting": 0.1262931390787091,
      "max_forgetting": 0.9999999999999976,
      "mean_zero_shot_transfer": null,
      "tasks_with_positive_transfer": 0
    }
  },
  "transfer": {
    "FT_SR": 0.75,
    "transfer_ratio": 75000000.0,
    "FT_NR": -0.09684038816812224,
    "FT_SR_significant": true,
    "BT_SR": 0.0,
    "zero_shot_sr": 0.06875
  }
}