{
  "metadata": {
    "seed": 42
  },
  "checkpoints": {
    "after_stream_tiny": {
      "tiny_T1_000": {
        "sr": 1.0,
        "nr": -0.0001880341411655777,
        "eta": 0.7458333333333333
      },
      "tiny_T2_000": {
        "sr": 1.0,
        "nr": -0.0001880341411655777,
        "eta": 0.7458333333333333
      },
      "tiny_T3_000": {
        "sr": 0.0,
        "nr": -0.9635008546226046,
        "eta": null
      },
      "tiny_T4_000": {
        "sr": 1.0,
        "nr": -0.0318461535527156,
        "eta": 0.6193181818181818
      },
      "small-linear_T1_000": {
        "sr": 0.35,
        "nr": -2.0741154562383604,
        "eta": 0.03508580530422656
      },
      "small-linear_T2_000": {
        "sr": 0.3,
        "nr": -2.113416201181473,
        "eta": 0.03764121003925646
      },
      "small-linear_T3_000": {
        "sr": 0.3,
        "nr": -2.361740223455695,
        "eta": 0.03395788428253954
      },
      "small-linear_T4_000": {
        "sr": 0.2,
        "nr": -2.5332402234636855,
        "eta": 0.029769913380364686
      }
    },
    "after_stream_small-linear": {
      "tiny_T1_000": {
        "sr": 1.0,
        "nr": -0.0001880341411655777,
        "eta": 0.7458333333333333
      },
      "tiny_T2_000": {
        "sr": 0.0,
        "nr": -0.33509401709605574,
        "eta": null
      },
      "tiny_T3_000": {
        "sr": 0.0,
        "nr": -0.3418803418803425,
        "eta": null
      },
      "tiny_T4_000": {
        "sr": 0.0,
        "nr": -0.3418803418803425,
        "eta": null
      },
      "small-linear_T1_000": {
        "sr": 0.0,
        "nr": -0.931098696461827,
        "eta": null
      },
      "small-linear_T2_000": {
        "sr": 0.0,
        "nr": -0.931098696461827,
        "eta": null
      },
      "small-linear_T3_000": {
        "sr": 0.0,
        "nr": -0.949720670391064,
        "eta": null
      },
      "small-linear_T4_000": {
        "sr": 0.0,
        "nr": -2.793296089385475,
        "eta": null
      }
    },
    "final": {
      "tiny_T1_000": {
        "sr": 1.0,
        "nr": -0.00018803414116557777,
        "eta": 0.7458333333333333
      },
      "tiny_T2_000": {
        "sr": 1.0,
        "nr": -0.00035897431210574866,
        "eta": 0.7375
      },
      "tiny_T3_000": {
        "sr": 0.0,
        "nr": -0.9574273503539908,
        "eta": null
      },
      "tiny_T4_000": {
        "sr": 1.0,
        "nr": -0.0359487176552797,
        "eta": 0.5725357975357974
      },
      "small-linear_T1_000": {
        "sr": 0.4,
        "nr": -1.9290502793296074,
        "eta": 0.04129261039698942
      },
      "small-linear_T2_000": {
        "sr": 0.25,
        "nr": -2.182224394861101,
        "eta": 0.03777169288330546
      },
      "small-linear_T3_000": {
        "sr": 0.15,
        "nr": -2.471051210420313,
        "eta": 0.033885562508037016
      },
      "small-linear_T4_000": {
        "sr": 0.15,
        "nr": -2.5163873370577265,
        "eta": 0.03436883621765089
      }
    }
  },
  "training_curves": {
    "tiny_T1_000": {
      "episode_rewards": [
        -0.019999990860620986
      ],
      "ttt": 1
    },
    "tiny_T2_000": {
      "episode_rewards": [
        -0.019999990860620986
      ],
      "ttt": 1
    },
    "tiny_T3_000": {
      "episode_rewards": [
        -178.35333331425988
      ],
      "ttt": 1
    },
    "tiny_T4_000": {
      "episode_rewards": [
        -4.059999942779541
      ],
      "ttt": 1
    },
    "small-linear_T1_000": {
      "episode_rewards": [
        -116.33333333333276
      ],
      "ttt": 1
    },
    "small-linear_T2_000": {
      "episode_rewards": [
        -166.66666666666703
      ],
      "ttt": 1
    },
    "small-linear_T3_000": {
      "episode_rewards": [
        -170.00000000000045
      ],
      "ttt": 1
    },
    "small-linear_T4_000": {
      "episode_rewards": [
        -500.0
      ],
      "ttt": 1
    }
  },
  "forgetting": {
    "F_matrix": [
      [
        NaN,
        0.0
      ],
      [
        NaN,
        -0.33490598295489016
      ],
      [
        NaN,
        0.621620512742262
      ],
      [
        NaN,
        -0.3100341883276269
      ],
      [
        NaN,
        1.1430167597765335
      ],
      [
        NaN,
        1.1823175047196464
      ],
      [
        NaN,
        1.412019553064631
      ],
      [
        NaN,
        -0.2600558659217893
      ]
    ],
    "Z_vector": [
      NaN,
      NaN,
      NaN,
      NaN,
      NaN,
      NaN,
      NaN,
      NaN
    ],
    "nr_after": [
      [
        -0.0001880341411655777,
        -0.0001880341411655777
      ],
      [
        -0.33509401709605574,
        -0.0001880341411655777
      ],
      [
        -0.3418803418803425,
        -0.9635008546226046
      ],
      [
        -0.3418803418803425,
        -0.0318461535527156
      ],
      [
        -0.931098696461827,
        -2.0741154562383604
      ],
      [
        -0.931098696461827,
        -2.113416201181473
      ],
      [
        -0.949720670391064,
        -2.361740223455695
      ],
      [
        -2.793296089385475,
        -2.5332402234636855
      ]
    ],
    "task_names": [
      "tiny_T1_000",
      "tiny_T2_000",
      "tiny_T3_000",
      "tiny_T4_000",
      "small-linear_T1_000",
      "small-linear_T2_000",
      "small-linear_T3_000",
      "small-linear_T4_000"
    ],
    "tier_names": [
      "stream_small-linear",
      "stream_tiny"
    ],
    "summary": {
      "mean_forgetting": 0.4317472866373458,
      "max_forgetting": 1.412019553064631,
      "mean_zero_shot_transfer": null,
      "tasks_with_positive_transfer": 0
    }
  },
  "transfer": {
    "FT_SR": 0.4875,
    "transfer_ratio": 48750000.0,
    "FT_NR": -0.6257272220572988,
    "FT_SR_significant": true,
    "BT_SR": -1.0,
    "zero_shot_sr": 0.0
  }
}