{
  "metadata": {
    "seed": 42
  },
  "checkpoints": {
    "after_T1": {
      "tiny_T1_000": {
        "sr": 0.0,
        "nr": -0.3418803418803425,
        "eta": null
      },
      "tiny_T2_000": {
        "sr": 0.0,
        "nr": -0.3418803418803425,
        "eta": null
      },
      "small-linear_T1_000": {
        "sr": 0.0,
        "nr": -0.37243947858473064,
        "eta": null
      },
      "small-linear_T2_000": {
        "sr": 0.0,
        "nr": -0.37243947858473064,
        "eta": null
      },
      "medium-single-site_T1_000": {
        "sr": 0.0,
        "nr": -0.34904013961605646,
        "eta": null
      },
      "medium-single-site_T2_000": {
        "sr": 0.0,
        "nr": -0.34904013961605646,
        "eta": null
      }
    },
    "after_T2": {
      "tiny_T1_000": {
        "sr": 0.9,
        "nr": -0.5283025640605862,
        "eta": 0.08085760209719309
      },
      "tiny_T2_000": {
        "sr": 0.9,
        "nr": -0.5747102563707237,
        "eta": 0.0583999864329973
      },
      "small-linear_T1_000": {
        "sr": 0.0,
        "nr": -0.37243947858473064,
        "eta": null
      },
      "small-linear_T2_000": {
        "sr": 0.0,
        "nr": -0.37243947858473064,
        "eta": null
      },
      "medium-single-site_T1_000": {
        "sr": 0.0,
        "nr": -0.47120418848167384,
        "eta": null
      },
      "medium-single-site_T2_000": {
        "sr": 0.0,
        "nr": -0.34904013961605646,
        "eta": null
      }
    },
    "final": {
      "tiny_T1_000": {
        "sr": 0.85,
        "nr": -0.5015478632083307,
        "eta": 0.06839753131672018
      },
      "tiny_T2_000": {
        "sr": 0.9,
        "nr": -0.5356504273108946,
        "eta": 0.06775571621241322
      },
      "small-linear_T1_000": {
        "sr": 0.0,
        "nr": -0.37243947858473064,
        "eta": null
      },
      "small-linear_T2_000": {
        "sr": 0.0,
        "nr": -0.37243947858473064,
        "eta": null
      },
      "medium-single-site_T1_000": {
        "sr": 0.0,
        "nr": -0.47120418848167384,
        "eta": null
      },
      "medium-single-site_T2_000": {
        "sr": 0.0,
        "nr": -0.34904013961605646,
        "eta": null
      }
    }
  },
  "training_curves": {
    "tiny_T1_000": {
      "episode_rewards": [
        -0.019999990860620986
      ],
      "ttt": 1
    },
    "tiny_T2_000": {
      "episode_rewards": [
        -0.019999990860620986
      ],
      "ttt": 1
    },
    "small-linear_T1_000": {
      "episode_rewards": [
        -116.33333333333276
      ],
      "ttt": 1
    },
    "small-linear_T2_000": {
      "episode_rewards": [
        -52.67666670680056
      ],
      "ttt": 1
    },
    "medium-single-site_T1_000": {
      "episode_rewards": [
        -166.66666666666703
      ],
      "ttt": 1
    },
    "medium-single-site_T2_000": {
      "episode_rewards": [
        -166.66666666666703
      ],
      "ttt": 1
    }
  },
  "forgetting": {
    "F_matrix": [
      [
        NaN,
        0.18642222218024368
      ],
      [
        NaN,
        0.2328299144903812
      ],
      [
        NaN,
        0.0
      ],
      [
        NaN,
        0.0
      ],
      [
        NaN,
        0.12216404886561738
      ],
      [
        NaN,
        0.0
      ]
    ],
    "Z_vector": [
      NaN,
      NaN,
      NaN,
      NaN,
      NaN,
      NaN
    ],
    "nr_after": [
      [
        -0.3418803418803425,
        -0.5283025640605862
      ],
      [
        -0.3418803418803425,
        -0.5747102563707237
      ],
      [
        -0.37243947858473064,
        -0.37243947858473064
      ],
      [
        -0.37243947858473064,
        -0.37243947858473064
      ],
      [
        -0.34904013961605646,
        -0.47120418848167384
      ],
      [
        -0.34904013961605646,
        -0.34904013961605646
      ]
    ],
    "task_names": [
      "tiny_T1_000",
      "tiny_T2_000",
      "small-linear_T1_000",
      "small-linear_T2_000",
      "medium-single-site_T1_000",
      "medium-single-site_T2_000"
    ],
    "tier_names": [
      "T1",
      "T2"
    ],
    "summary": {
      "mean_forgetting": 0.09023603092270704,
      "max_forgetting": 0.2328299144903812,
      "mean_zero_shot_transfer": null,
      "tasks_with_positive_transfer": 0
    }
  },
  "transfer": {
    "FT_SR": 0.25833333333333336,
    "transfer_ratio": 25833333.333333336,
    "FT_NR": -0.07635882294709534,
    "FT_SR_significant": true,
    "BT_SR": -1.0,
    "zero_shot_sr": 0.0
  }
}