{
  "metadata": {
    "seed": 0
  },
  "checkpoints": {
    "after_T1": {
      "tiny_T1_000": {
        "sr": 1.0,
        "nr": -0.00010256405569549223,
        "eta": 0.75
      },
      "tiny_T2_000": {
        "sr": 0.0,
        "nr": -0.33509401709605574,
        "eta": null
      },
      "tiny_T3_000": {
        "sr": 0.0,
        "nr": -0.3418803418803425,
        "eta": null
      },
      "tiny_T4_000": {
        "sr": 0.0,
        "nr": -0.3418803418803425,
        "eta": null
      },
      "small-linear_T1_000": {
        "sr": 1.0,
        "nr": -0.6443202979515796,
        "eta": 0.03468208092485549
      },
      "small-linear_T2_000": {
        "sr": 1.0,
        "nr": -0.6443202980625753,
        "eta": 0.03468208092485549
      },
      "small-linear_T3_000": {
        "sr": 1.0,
        "nr": -1.8818435754189946,
        "eta": 0.034597468236764364
      },
      "small-linear_T4_000": {
        "sr": 1.0,
        "nr": -1.8804469273743019,
        "eta": 0.034622226792019525
      }
    },
    "after_T2": {
      "tiny_T1_000": {
        "sr": 1.0,
        "nr": -0.0002735042266356632,
        "eta": 0.7416666666666666
      },
      "tiny_T2_000": {
        "sr": 0.0,
        "nr": -0.33509401709605574,
        "eta": null
      },
      "tiny_T3_000": {
        "sr": 0.0,
        "nr": -0.3418803418803425,
        "eta": null
      },
      "tiny_T4_000": {
        "sr": 0.0,
        "nr": -0.3418803418803425,
        "eta": null
      },
      "small-linear_T1_000": {
        "sr": 1.0,
        "nr": -0.6443202979515796,
        "eta": 0.03468208092485549
      },
      "small-linear_T2_000": {
        "sr": 1.0,
        "nr": -0.6443202980625753,
        "eta": 0.03468208092485549
      },
      "small-linear_T3_000": {
        "sr": 1.0,
        "nr": -1.879050279329609,
        "eta": 0.034647127719643706
      },
      "small-linear_T4_000": {
        "sr": 1.0,
        "nr": -1.8815642458100559,
        "eta": 0.034602294561602936
      }
    },
    "after_T3": {
      "tiny_T1_000": {
        "sr": 0.85,
        "nr": -0.47325213671749466,
        "eta": 0.07683582002326049
      },
      "tiny_T2_000": {
        "sr": 0.95,
        "nr": -0.34830256406058624,
        "eta": 0.13136800040827773
      },
      "tiny_T3_000": {
        "sr": 0.15,
        "nr": -0.8981136751378703,
        "eta": 0.04101443636327357
      },
      "tiny_T4_000": {
        "sr": 0.95,
        "nr": -0.29252222193612004,
        "eta": 0.1686687191069664
      },
      "small-linear_T1_000": {
        "sr": 1.0,
        "nr": -0.6443202979515796,
        "eta": 0.03468208092485549
      },
      "small-linear_T2_000": {
        "sr": 1.0,
        "nr": -0.6443202980625753,
        "eta": 0.03468208092485549
      },
      "small-linear_T3_000": {
        "sr": 1.0,
        "nr": -0.655307262569829,
        "eta": 0.0346521251376444
      },
      "small-linear_T4_000": {
        "sr": 1.0,
        "nr": -0.6566108007448757,
        "eta": 0.03464215902243611
      }
    },
    "after_T4": {
      "tiny_T1_000": {
        "sr": 0.95,
        "nr": -0.4462538461094229,
        "eta": 0.07782418406283158
      },
      "tiny_T2_000": {
        "sr": 1.0,
        "nr": -0.19642735038048184,
        "eta": 0.2538746691498376
      },
      "tiny_T3_000": {
        "sr": 0.0,
        "nr": -0.9912820512820514,
        "eta": null
      },
      "tiny_T4_000": {
        "sr": 1.0,
        "nr": -0.030307692014254053,
        "eta": 0.618607226107226
      },
      "small-linear_T1_000": {
        "sr": 0.0,
        "nr": -0.931098696461827,
        "eta": null
      },
      "small-linear_T2_000": {
        "sr": 1.0,
        "nr": -0.6443202980625753,
        "eta": 0.03468208092485549
      },
      "small-linear_T3_000": {
        "sr": 0.0,
        "nr": -0.931098696461827,
        "eta": null
      },
      "small-linear_T4_000": {
        "sr": 0.0,
        "nr": -0.9372439478584751,
        "eta": null
      }
    },
    "final": {
      "tiny_T1_000": {
        "sr": 0.9,
        "nr": -0.510097435855458,
        "eta": 0.08507728309494507
      },
      "tiny_T2_000": {
        "sr": 1.0,
        "nr": -0.1347179486710801,
        "eta": 0.28578787030083114
      },
      "tiny_T3_000": {
        "sr": 0.0,
        "nr": -1.0047008547008547,
        "eta": null
      },
      "tiny_T4_000": {
        "sr": 1.0,
        "nr": -0.02774358945015149,
        "eta": 0.6489393939393938
      },
      "small-linear_T1_000": {
        "sr": 0.0,
        "nr": -0.931098696461827,
        "eta": null
      },
      "small-linear_T2_000": {
        "sr": 1.0,
        "nr": -0.6443202980625753,
        "eta": 0.03468208092485549
      },
      "small-linear_T3_000": {
        "sr": 0.0,
        "nr": -0.931098696461827,
        "eta": null
      },
      "small-linear_T4_000": {
        "sr": 0.0,
        "nr": -0.9376163873370602,
        "eta": null
      }
    }
  },
  "training_curves": {
    "tiny_T1_000": {
      "episode_rewards": [
        -0.019999990860620986
      ],
      "ttt": 1
    },
    "tiny_T2_000": {
      "episode_rewards": [
        -0.019999990860620986
      ],
      "ttt": 1
    },
    "tiny_T3_000": {
      "episode_rewards": [
        -66.6666666666668
      ],
      "ttt": 1
    },
    "tiny_T4_000": {
      "episode_rewards": [
        -7.059999942779541
      ],
      "ttt": 1
    },
    "small-linear_T1_000": {
      "episode_rewards": [
        -115.33333333333277
      ],
      "ttt": 1
    },
    "small-linear_T2_000": {
      "episode_rewards": [
        -115.333333353201
      ],
      "ttt": 1
    },
    "small-linear_T3_000": {
      "episode_rewards": [
        -116.66666666666609
      ],
      "ttt": 1
    },
    "small-linear_T4_000": {
      "episode_rewards": [
        -168.0000000000004
      ],
      "ttt": 1
    }
  },
  "forgetting": {
    "F_matrix": [
      [
        NaN,
        0.00017094017094017094,
        0.4731495726617992,
        0.44615128205372745
      ],
      [
        NaN,
        0.0,
        0.013208546964530499,
        -0.1386666667155739
      ],
      [
        NaN,
        0.0,
        0.5562333332575278,
        0.6494017094017088
      ],
      [
        NaN,
        0.0,
        -0.049358119944222456,
        -0.31157264986608846
      ],
      [
        NaN,
        0.0,
        0.0,
        0.28677839851024733
      ],
      [
        NaN,
        0.0,
        0.0,
        0.0
      ],
      [
        NaN,
        -0.0027932960893854997,
        -1.2265363128491655,
        -0.9507448789571676
      ],
      [
        NaN,
        0.0011173184357540222,
        -1.2238361266294262,
        -0.9432029795158268
      ]
    ],
    "Z_vector": [
      NaN,
      NaN,
      NaN,
      NaN,
      NaN,
      NaN,
      NaN,
      NaN
    ],
    "nr_after": [
      [
        -0.00010256405569549223,
        -0.0002735042266356632,
        -0.47325213671749466,
        -0.4462538461094229
      ],
      [
        -0.33509401709605574,
        -0.33509401709605574,
        -0.34830256406058624,
        -0.19642735038048184
      ],
      [
        -0.3418803418803425,
        -0.3418803418803425,
        -0.8981136751378703,
        -0.9912820512820514
      ],
      [
        -0.3418803418803425,
        -0.3418803418803425,
        -0.29252222193612004,
        -0.030307692014254053
      ],
      [
        -0.6443202979515796,
        -0.6443202979515796,
        -0.6443202979515796,
        -0.931098696461827
      ],
      [
        -0.6443202980625753,
        -0.6443202980625753,
        -0.6443202980625753,
        -0.6443202980625753
      ],
      [
        -1.8818435754189946,
        -1.879050279329609,
        -0.655307262569829,
        -0.931098696461827
      ],
      [
        -1.8804469273743019,
        -1.8815642458100559,
        -0.6566108007448757,
        -0.9372439478584751
      ]
    ],