{
  "metadata": {
    "seed": 42
  },
  "checkpoints": {
    "after_stream_tiny": {
      "tiny_T1_000": {
        "sr": 1.0,
        "nr": -0.00010256405569549223,
        "eta": 0.75
      },
      "tiny_T2_000": {
        "sr": 1.0,
        "nr": -0.00018803414116557777,
        "eta": 0.7458333333333333
      },
      "tiny_T3_000": {
        "sr": 0.0,
        "nr": -0.3418803418803425,
        "eta": null
      },
      "tiny_T4_000": {
        "sr": 1.0,
        "nr": -0.035179486886048925,
        "eta": 0.5809395996160702
      },
      "small-linear_T1_000": {
        "sr": 0.2,
        "nr": -2.1193696461826037,
        "eta": 0.03931983904923639
      },
      "small-linear_T2_000": {
        "sr": 0.4,
        "nr": -1.9718919926321254,
        "eta": 0.041475585470333774
      },
      "small-linear_T3_000": {
        "sr": 0.3,
        "nr": -2.3207718808113746,
        "eta": 0.037277096423267424
      },
      "small-linear_T4_000": {
        "sr": 0.15,
        "nr": -2.4764432029795143,
        "eta": 0.039239111833661335
      }
    },
    "after_stream_small-linear": {
      "tiny_T1_000": {
        "sr": 0.9,
        "nr": -0.5062487179066381,
        "eta": 0.06106794632758626
      },
      "tiny_T2_000": {
        "sr": 0.0,
        "nr": -0.3418803418803425,
        "eta": null
      },
      "tiny_T3_000": {
        "sr": 0.0,
        "nr": -0.3418803418803425,
        "eta": null
      },
      "tiny_T4_000": {
        "sr": 0.0,
        "nr": -0.5245299145299134,
        "eta": null
      },
      "small-linear_T1_000": {
        "sr": 1.0,
        "nr": -0.6443202979515796,
        "eta": 0.03468208092485549
      },
      "small-linear_T2_000": {
        "sr": 1.0,
        "nr": -0.6443202980625753,
        "eta": 0.03468208092485549
      },
      "small-linear_T3_000": {
        "sr": 0.0,
        "nr": -2.7374301675977653,
        "eta": null
      },
      "small-linear_T4_000": {
        "sr": 0.0,
        "nr": -2.7374301675977653,
        "eta": null
      }
    },
    "final": {
      "tiny_T1_000": {
        "sr": 1.0,
        "nr": -0.00010256405569549223,
        "eta": 0.75
      },
      "tiny_T2_000": {
        "sr": 1.0,
        "nr": -0.0001880341411655777,
        "eta": 0.7458333333333333
      },
      "tiny_T3_000": {
        "sr": 0.0,
        "nr": -0.3418803418803425,
        "eta": null
      },
      "tiny_T4_000": {
        "sr": 1.0,
        "nr": -0.028256409962972007,
        "eta": 0.6442890442890442
      },
      "small-linear_T1_000": {
        "sr": 0.45,
        "nr": -1.9130353817504648,
        "eta": 0.037538838233934
      },
      "small-linear_T2_000": {
        "sr": 0.35,
        "nr": -2.0872523278303197,
        "eta": 0.03782073355008412
      },
      "small-linear_T3_000": {
        "sr": 0.25,
        "nr": -2.391636871492396,
        "eta": 0.034924984456358055
      },
      "small-linear_T4_000": {
        "sr": 0.2,
        "nr": -2.440968342644319,
        "eta": 0.03877579846716775
      }
    }
  },
  "training_curves": {
    "tiny_T1_000": {
      "episode_rewards": [
        -0.019999990860620986
      ],
      "ttt": 1
    },
    "tiny_T2_000": {
      "episode_rewards": [
        -0.019999990860620986
      ],
      "ttt": 1
    },
    "tiny_T3_000": {
      "episode_rewards": [
        -66.6666666666668
      ],
      "ttt": 1
    },
    "tiny_T4_000": {
      "episode_rewards": [
        -6.059999942779541
      ],
      "ttt": 1
    },
    "small-linear_T1_000": {
      "episode_rewards": [
        -115.33333333333277
      ],
      "ttt": 1
    },
    "small-linear_T2_000": {
      "episode_rewards": [
        -115.333333353201
      ],
      "ttt": 1
    },
    "small-linear_T3_000": {
      "episode_rewards": [
        -336.0
      ],
      "ttt": 1
    },
    "small-linear_T4_000": {
      "episode_rewards": [
        -490.0
      ],
      "ttt": 1
    }
  },
  "forgetting": {
    "F_matrix": [
      [
        NaN,
        -0.5061461538509425
      ],
      [
        NaN,
        -0.3416923077391769
      ],
      [
        NaN,
        0.0
      ],
      [
        NaN,
        -0.48935042764386444
      ],
      [
        NaN,
        1.475049348231024
      ],
      [
        NaN,
        1.3275716945695502
      ],
      [
        NaN,
        -0.4166582867863906
      ],
      [
        NaN,
        -0.260986964618251
      ]
    ],
    "Z_vector": [
      NaN,
      NaN,
      NaN,
      NaN,
      NaN,
      NaN,
      NaN,
      NaN
    ],
    "nr_after": [
      [
        -0.5062487179066381,
        -0.00010256405569549223
      ],
      [
        -0.3418803418803425,
        -0.00018803414116557777
      ],
      [
        -0.3418803418803425,
        -0.3418803418803425
      ],
      [
        -0.5245299145299134,
        -0.035179486886048925
      ],
      [
        -0.6443202979515796,
        -2.1193696461826037
      ],
      [
        -0.6443202980625753,
        -1.9718919926321254
      ],
      [
        -2.7374301675977653,
        -2.3207718808113746
      ],
      [
        -2.7374301675977653,
        -2.4764432029795143
      ]
    ],
    "task_names": [
      "tiny_T1_000",
      "tiny_T2_000",
      "tiny_T3_000",
      "tiny_T4_000",
      "small-linear_T1_000",
      "small-linear_T2_000",
      "small-linear_T3_000",
      "small-linear_T4_000"
    ],
    "tier_names": [
      "stream_small-linear",
      "stream_tiny"
    ],
    "summary": {
      "mean_forgetting": 0.09847336277024357,
      "max_forgetting": 1.475049348231024,
      "mean_zero_shot_transfer": null,
      "tasks_with_positive_transfer": 0
    }
  },
  "transfer": {
    "FT_SR": 0.525,
    "transfer_ratio": 52500000.0,
    "FT_NR": -0.53203104553507,
    "FT_SR_significant": true,
    "BT_SR": -1.0,
    "zero_shot_sr": 0.0
  }
}