{
  "metadata": {
    "seed": 42
  },
  "checkpoints": {
    "after_T1": {
      "tiny_T1_000": {
        "sr": 1.0,
        "nr": -0.00010256405569549223,
        "eta": 0.75
      },
      "tiny_T2_000": {
        "sr": 0.0,
        "nr": -0.3418803418803425,
        "eta": null
      },
      "tiny_T3_000": {
        "sr": 0.0,
        "nr": -0.3418803418803425,
        "eta": null
      },
      "tiny_T4_000": {
        "sr": 0.0,
        "nr": -0.3418803418803425,
        "eta": null
      },
      "small-linear_T1_000": {
        "sr": 1.0,
        "nr": -0.6444134078212258,
        "eta": 0.03467708350685479
      },
      "small-linear_T2_000": {
        "sr": 1.0,
        "nr": -0.6443202980625753,
        "eta": 0.03468208092485549
      },
      "small-linear_T3_000": {
        "sr": 1.0,
        "nr": -1.8818435754189946,
        "eta": 0.034597382321268653
      },
      "small-linear_T4_000": {
        "sr": 1.0,
        "nr": -1.8816573556797023,
        "eta": 0.034617343272478354
      }
    },
    "after_T2": {
      "tiny_T1_000": {
        "sr": 0.95,
        "nr": -0.4702709401265168,
        "eta": 0.06640545304257706
      },
      "tiny_T2_000": {
        "sr": 0.0,
        "nr": -0.3418803418803425,
        "eta": null
      },
      "tiny_T3_000": {
        "sr": 0.0,
        "nr": -0.3418803418803425,
        "eta": null
      },
      "tiny_T4_000": {
        "sr": 0.0,
        "nr": -0.3418803418803425,
        "eta": null
      },
      "small-linear_T1_000": {
        "sr": 1.0,
        "nr": -0.6443202979515796,
        "eta": 0.03468208092485549
      },
      "small-linear_T2_000": {
        "sr": 1.0,
        "nr": -0.6443202980625753,
        "eta": 0.03468208092485549
      },
      "small-linear_T3_000": {
        "sr": 1.0,
        "nr": -1.8824022346368714,
        "eta": 0.03458744492685347
      },
      "small-linear_T4_000": {
        "sr": 1.0,
        "nr": -1.8810055865921786,
        "eta": 0.034612289397604336
      }
    },
    "after_T3": {
      "tiny_T1_000": {
        "sr": 0.9,
        "nr": -0.5564222221802443,
        "eta": 0.0634725905248567
      },
      "tiny_T2_000": {
        "sr": 1.0,
        "nr": -0.3594188033719348,
        "eta": 0.13068156030743816
      },
      "tiny_T3_000": {
        "sr": 0.0,
        "nr": -0.3418803418803425,
        "eta": null
      },
      "tiny_T4_000": {
        "sr": 1.0,
        "nr": -0.03261538432194636,
        "eta": 0.6050932400932401
      },
      "small-linear_T1_000": {
        "sr": 1.0,
        "nr": -0.6443202979515796,
        "eta": 0.03468208092485549
      },
      "small-linear_T2_000": {
        "sr": 1.0,
        "nr": -0.6443202980625753,
        "eta": 0.03468208092485549
      },
      "small-linear_T3_000": {
        "sr": 1.0,
        "nr": -0.6581005586592145,
        "eta": 0.03462219807122642
      },
      "small-linear_T4_000": {
        "sr": 1.0,
        "nr": -0.6579143389199221,
        "eta": 0.034612260429927634
      }
    },
    "after_T4": {
      "tiny_T1_000": {
        "sr": 0.8,
        "nr": -0.5113743589372717,
        "eta": 0.08069279972235957
      },
      "tiny_T2_000": {
        "sr": 1.0,
        "nr": -0.24035897431210573,
        "eta": 0.15992064178591542
      },
      "tiny_T3_000": {
        "sr": 0.0,
        "nr": -1.0256410256410255,
        "eta": null
      },
      "tiny_T4_000": {
        "sr": 1.0,
        "nr": -0.029025640732202772,
        "eta": 0.6372435897435896
      },
      "small-linear_T1_000": {
        "sr": 0.0,
        "nr": -0.9590316573556823,
        "eta": null
      },
      "small-linear_T2_000": {
        "sr": 1.0,
        "nr": -0.44325884560632967,
        "eta": 0.05940594059405942
      },
      "small-linear_T3_000": {
        "sr": 1.0,
        "nr": -0.12212290470826559,
        "eta": 0.46814243941481937
      },
      "small-linear_T4_000": {
        "sr": 0.0,
        "nr": -0.9748603351955342,
        "eta": null
      }
    },
    "final": {
      "tiny_T1_000": {
        "sr": 0.85,
        "nr": -0.45564786321077594,
        "eta": 0.09305711108885327
      },
      "tiny_T2_000": {
        "sr": 0.85,
        "nr": -0.38760854697380304,
        "eta": 0.11664780192793003
      },
      "tiny_T3_000": {
        "sr": 0.0,
        "nr": -1.0256410256410255,
        "eta": null
      },
      "tiny_T4_000": {
        "sr": 1.0,
        "nr": -0.03082051252707457,
        "eta": 0.6237187812187811
      },
      "small-linear_T1_000": {
        "sr": 0.0,
        "nr": -0.9590316573556823,
        "eta": null
      },
      "small-linear_T2_000": {
        "sr": 1.0,
        "nr": -0.44325884560632967,
        "eta": 0.05940594059405942
      },
      "small-linear_T3_000": {
        "sr": 1.0,
        "nr": -0.12324022314401978,
        "eta": 0.4659654401688546
      },
      "small-linear_T4_000": {
        "sr": 0.0,
        "nr": -0.9735567970204875,
        "eta": null
      }
    }
  },
  "training_curves": {
    "tiny_T1_000": {
      "episode_rewards": [
        -0.019999990860620986
      ],
      "ttt": 1
    },
    "tiny_T2_000": {
      "episode_rewards": [
        -0.35333332419395447
      ],
      "ttt": 1
    },
    "tiny_T3_000": {
      "episode_rewards": [
        -66.6666666666668
      ],
      "ttt": 1
    },
    "tiny_T4_000": {
      "episode_rewards": [
        -5.059999942779541
      ],
      "ttt": 1
    },
    "small-linear_T1_000": {
      "episode_rewards": [
        -115.33333333333277
      ],
      "ttt": 1
    },
    "small-linear_T2_000": {
      "episode_rewards": [
        -115.333333353201
      ],
      "ttt": 1
    },
    "small-linear_T3_000": {
      "episode_rewards": [
        -116.66666666666609
      ],
      "ttt": 1
    },
    "small-linear_T4_000": {
      "episode_rewards": [
        -174.00000000000057
      ],
      "ttt": 1
    }
  },
  "forgetting": {
    "F_matrix": [
      [
        NaN,
        0.47016837607082135,
        0.5563196581245488,
        0.5112717948815761
      ],
      [
        NaN,
        0.0,
        0.017538461491592328,
        -0.10152136756823676
      ],
      [
        NaN,
        0.0,
        0.0,
        0.6837606837606831
      ],
      [
        NaN,
        0.0,
        -0.3092649575583961,
        -0.31285470114813974
      ],
      [
        NaN,
        -9.310986964616852e-05,
        -9.310986964616852e-05,
        0.3146182495344565
      ],
      [
        NaN,
        0.0,
        0.0,
        -0.20106145245624563
      ],
      [
        NaN,
        0.0005586592178767891,
        -1.22374301675978,
        -1.759720670710729
      ],
      [
        NaN,
        -0.0006517690875236237,
        -1.22374301675978,
        -0.9067970204841681
      ]
    ],
    "Z_vector": [
      NaN,
      NaN,
      NaN,
      NaN,
      NaN,
      NaN,
      NaN,
      NaN
    ],
    "nr_after": [
      [
        -0.00010256405569549223,
        -0.4702709401265168,
        -0.5564222221802443,
        -0.5113743589372717
      ],
      [
        -0.3418803418803425,
        -0.3418803418803425,
        -0.3594188033719348,
        -0.24035897431210573
      ],
      [
        -0.3418803418803425,
        -0.3418803418803425,
        -0.3418803418803425,
        -1.0256410256410255
      ],
      [
        -0.3418803418803425,
        -0.3418803418803425,
        -0.03261538432194636,
        -0.029025640732202772
      ],
      [
        -0.6444134078212258,
        -0.6443202979515796,
        -0.6443202979515796,
        -0.9590316573556823
      ],
      [
        -0.6443202980625753,
        -0.6443202980625753,
        -0.6443202980625753,
        -0.44325884560632967
      ],
      [
        -1.8818435754189946,
        -1.8824022346368714,
        -0.6581005586592145,
        -0.12212290470826559
      ],
      [
        -1.8816573556797023,
        -1.8810055865921786,
        -0.6579143389199221,
        -0.9748603351955342
      ]
    ],