{
  "metadata": {
    "seed": 42
  },
  "checkpoints": {
    "after_stream_tiny": {
      "tiny_T1_000": {
        "sr": 1.0,
        "nr": -0.00010256405569549223,
        "eta": 0.75
      },
      "tiny_T1_001": {
        "sr": 0.0,
        "nr": -0.6752136752136768,
        "eta": null
      },
      "tiny_T2_000": {
        "sr": 1.0,
        "nr": -0.00018803414116557777,
        "eta": 0.7458333333333333
      },
      "tiny_T2_001": {
        "sr": 1.0,
        "nr": -0.01336752127378415,
        "eta": 0.6847727272727273
      },
      "tiny_T3_000": {
        "sr": 0.0,
        "nr": -0.3700854700854705,
        "eta": null
      },
      "tiny_T3_001": {
        "sr": 0.0,
        "nr": -0.36957264957264985,
        "eta": null
      },
      "tiny_T4_000": {
        "sr": 0.0,
        "nr": -0.34494017079345257,
        "eta": null
      },
      "tiny_T4_001": {
        "sr": 0.0,
        "nr": -0.3418803418803425,
        "eta": null
      },
      "small-linear_T1_000": {
        "sr": 0.3,
        "nr": -1.9925540037217293,
        "eta": 0.04108702918010796
      },
      "small-linear_T2_000": {
        "sr": 0.25,
        "nr": -2.1398566108786627,
        "eta": 0.04046211619216363
      },
      "small-linear_T3_000": {
        "sr": 0.1,
        "nr": -2.475901303522191,
        "eta": 0.04253247968849451
      },
      "small-linear_T4_000": {
        "sr": 0.2,
        "nr": -2.467233705767594,
        "eta": 0.03618397886571146
      }
    },
    "after_stream_small-linear": {
      "tiny_T1_000": {
        "sr": 0.0,
        "nr": -0.3418803418803425,
        "eta": null
      },
      "tiny_T1_001": {
        "sr": 0.0,
        "nr": -0.3418803418803425,
        "eta": null
      },
      "tiny_T2_000": {
        "sr": 0.0,
        "nr": -0.3418803418803425,
        "eta": null
      },
      "tiny_T2_001": {
        "sr": 0.0,
        "nr": -0.3418803418803425,
        "eta": null
      },
      "tiny_T3_000": {
        "sr": 0.0,
        "nr": -0.3418803418803425,
        "eta": null
      },
      "tiny_T3_001": {
        "sr": 0.0,
        "nr": -0.3418803418803425,
        "eta": null
      },
      "tiny_T4_000": {
        "sr": 0.0,
        "nr": -0.3418803418803425,
        "eta": null
      },
      "tiny_T4_001": {
        "sr": 0.0,
        "nr": -0.3418803418803425,
        "eta": null
      },
      "small-linear_T1_000": {
        "sr": 1.0,
        "nr": -0.6443202979515796,
        "eta": 0.03468208092485549
      },
      "small-linear_T2_000": {
        "sr": 1.0,
        "nr": -0.6443202980625753,
        "eta": 0.03468208092485549
      },
      "small-linear_T3_000": {
        "sr": 1.0,
        "nr": -0.5260707635009297,
        "eta": 0.04415163956055761
      },
      "small-linear_T4_000": {
        "sr": 1.0,
        "nr": -1.8812849162011174,
        "eta": 0.034607349174306246
      }
    },
    "final": {
      "tiny_T1_000": {
        "sr": 0.0,
        "nr": -0.3418803418803425,
        "eta": null
      },
      "tiny_T1_001": {
        "sr": 0.0,
        "nr": -0.3418803418803425,
        "eta": null
      },
      "tiny_T2_000": {
        "sr": 0.0,
        "nr": -0.3418803418803425,
        "eta": null
      },
      "tiny_T2_001": {
        "sr": 0.0,
        "nr": -0.3418803418803425,
        "eta": null
      },
      "tiny_T3_000": {
        "sr": 0.0,
        "nr": -0.3418803418803425,
        "eta": null
      },
      "tiny_T3_001": {
        "sr": 0.0,
        "nr": -0.3418803418803425,
        "eta": null
      },
      "tiny_T4_000": {
        "sr": 0.0,
        "nr": -0.3418803418803425,
        "eta": null
      },
      "tiny_T4_001": {
        "sr": 0.0,
        "nr": -0.3418803418803425,
        "eta": null
      },
      "small-linear_T1_000": {
        "sr": 1.0,
        "nr": -0.6443202979515796,
        "eta": 0.03468208092485549
      },
      "small-linear_T2_000": {
        "sr": 1.0,
        "nr": -0.6443202980625753,
        "eta": 0.03468208092485549
      },
      "small-linear_T3_000": {
        "sr": 1.0,
        "nr": -0.521601489757913,
        "eta": 0.044232263356869826
      },
      "small-linear_T4_000": {
        "sr": 1.0,
        "nr": -1.8804469273743019,
        "eta": 0.03462225551281263
      }
    }
  },
  "training_curves": {
    "tiny_T1_000": {
      "episode_rewards": [
        -0.019999990860620986
      ],
      "ttt": 1
    },
    "tiny_T1_001": {
      "episode_rewards": [
        -66.6666666666668
      ],
      "ttt": 1
    },
    "tiny_T2_000": {
      "episode_rewards": [
        -0.019999990860620986
      ],
      "ttt": 1
    },
    "tiny_T2_001": {
      "episode_rewards": [
        -4.039999981721243
      ],
      "ttt": 1
    },
    "tiny_T3_000": {
      "episode_rewards": [
        -66.6666666666668
      ],
      "ttt": 1
    },
    "tiny_T3_001": {
      "episode_rewards": [
        -66.6666666666668
      ],
      "ttt": 1
    },
    "tiny_T4_000": {
      "episode_rewards": [
        -5.059999942779541
      ],
      "ttt": 1
    },
    "tiny_T4_001": {
      "episode_rewards": [
        -66.6666666666668
      ],
      "ttt": 1
    },
    "small-linear_T1_000": {
      "episode_rewards": [
        -89.9999999999998
      ],
      "ttt": 1
    },
    "small-linear_T2_000": {
      "episode_rewards": [
        -115.333333353201
      ],
      "ttt": 1
    },
    "small-linear_T3_000": {
      "episode_rewards": [
        -93.99999999999974
      ],
      "ttt": 1
    },
    "small-linear_T4_000": {
      "episode_rewards": [
        -339.33333333333337
      ],
      "ttt": 1
    }
  },
  "forgetting": {
    "F_matrix": [
      [
        NaN,
        -0.341777777824647
      ],
      [
        NaN,
        0.3333333333333343
      ],
      [
        NaN,
        -0.3416923077391769
      ],
      [
        NaN,
        -0.32851282060655834
      ],
      [
        NaN,
        0.028205128205127994
      ],
      [
        NaN,
        0.02769230769230735
      ],
      [
        NaN,
        0.003059828913110074
      ],
      [
        NaN,
        0.0
      ],
      [
        NaN,
        1.3482337057701497
      ],
      [
        NaN,
        1.4955363128160875
      ],
      [
        NaN,
        1.949830540021261
      ],
      [
        NaN,
        0.5859487895664766
      ]
    ],
    "Z_vector": [
      NaN,
      NaN,
      NaN,
      NaN,
      NaN,
      NaN,
      NaN,
      NaN,
      NaN,
      NaN,
      NaN,
      NaN
    ],
    "nr_after": [
      [
        -0.3418803418803425,
        -0.00010256405569549223
      ],
      [
        -0.3418803418803425,
        -0.6752136752136768
      ],
      [
        -0.3418803418803425,
        -0.00018803414116557777
      ],
      [
        -0.3418803418803425,
        -0.01336752127378415
      ],
      [
        -0.3418803418803425,
        -0.3700854700854705
      ],
      [
        -0.3418803418803425,
        -0.36957264957264985
      ],
      [
        -0.3418803418803425,
        -0.34494017079345257
      ],
      [
        -0.3418803418803425,
        -0.3418803418803425
      ],
      [
        -0.6443202979515796,
        -1.9925540037217293
      ],
      [
        -0.6443202980625753,
        -2.1398566108786627
      ],
      [
        -0.5260707635009297,
        -2.475901303522191
      ],
      [
        -1.8812849162011174,
        -2.467233705767594
      ]
    ],
    "task_names": [
      "tiny_T1_000",
      "tiny_T1_001",
      "tiny_T2_000",
      "tiny_T2_001",
      "tiny_T3_000",
      "tiny_T3_001",
      "tiny_T4_000",
      "tiny_T4_001",
      "small-linear_T1_000",
      "small-linear_T2_000",
      "small-linear_T3_000",
      "small-linear_T4_000"
    ],
    "tier_names": [
      "stream_small-linear",
      "stream_tiny"
    ],
    "summary": {
      "mean_forgetting": 0.3966547533456226,
      "max_forgetting": 1.949830540021261,
      "mean_zero_shot_transfer": null,
      "tasks_with_positive_transfer": 0
    }
  },