{
  "metadata": {
    "seed": 2
  },
  "checkpoints": {
    "after_T1": {
      "tiny_T1_000": {
        "sr": 1.0,
        "nr": -0.19642735038048184,
        "eta": 0.2509485844827505
      },
      "tiny_T2_000": {
        "sr": 0.0,
        "nr": -0.33509401709605574,
        "eta": null
      },
      "tiny_T3_000": {
        "sr": 0.0,
        "nr": -0.3418803418803425,
        "eta": null
      },
      "tiny_T4_000": {
        "sr": 0.0,
        "nr": -0.3418803418803425,
        "eta": null
      },
      "small-linear_T1_000": {
        "sr": 1.0,
        "nr": -0.6443202979515796,
        "eta": 0.03468208092485549
      },
      "small-linear_T2_000": {
        "sr": 1.0,
        "nr": -0.6443202980625753,
        "eta": 0.03468208092485549
      },
      "small-linear_T3_000": {
        "sr": 1.0,
        "nr": -1.9357541899441342,
        "eta": 0.0346321354656416
      },
      "small-linear_T4_000": {
        "sr": 1.0,
        "nr": -1.9365921787709497,
        "eta": 0.03461734327247835
      }
    },
    "after_T2": {
      "tiny_T1_000": {
        "sr": 1.0,
        "nr": -0.00010256405569549223,
        "eta": 0.75
      },
      "tiny_T2_000": {
        "sr": 0.0,
        "nr": -0.33509401709605574,
        "eta": null
      },
      "tiny_T3_000": {
        "sr": 0.0,
        "nr": -0.3418803418803425,
        "eta": null
      },
      "tiny_T4_000": {
        "sr": 0.0,
        "nr": -0.3418803418803425,
        "eta": null
      },
      "small-linear_T1_000": {
        "sr": 1.0,
        "nr": -0.6443202979515796,
        "eta": 0.03468208092485549
      },
      "small-linear_T2_000": {
        "sr": 1.0,
        "nr": -0.6443202980625753,
        "eta": 0.03468208092485549
      },
      "small-linear_T3_000": {
        "sr": 1.0,
        "nr": -1.8810055865921786,
        "eta": 0.03461234659230694
      },
      "small-linear_T4_000": {
        "sr": 1.0,
        "nr": -1.8793296089385474,
        "eta": 0.034642187743229205
      }
    },
    "after_T3": {
      "tiny_T1_000": {
        "sr": 0.85,
        "nr": -0.5300042734696315,
        "eta": 0.06494291506962833
      },
      "tiny_T2_000": {
        "sr": 0.95,
        "nr": -0.42061025636827837,
        "eta": 0.09373568597437701
      },
      "tiny_T3_000": {
        "sr": 0.0,
        "nr": -0.9787145298362798,
        "eta": null
      },
      "tiny_T4_000": {
        "sr": 1.0,
        "nr": -0.03312820483476688,
        "eta": 0.6102862269309637
      },
      "small-linear_T1_000": {
        "sr": 1.0,
        "nr": -0.6443202979515796,
        "eta": 0.03468208092485549
      },
      "small-linear_T2_000": {
        "sr": 1.0,
        "nr": -0.6443202980625753,
        "eta": 0.03468208092485549
      },
      "small-linear_T3_000": {
        "sr": 0.0,
        "nr": -0.9366852886405981,
        "eta": null
      },
      "small-linear_T4_000": {
        "sr": 0.0,
        "nr": -0.9359404096834288,
        "eta": null
      }
    },
    "after_T4": {
      "tiny_T1_000": {
        "sr": 0.95,
        "nr": -0.4014675213230981,
        "eta": 0.08800499622573528
      },
      "tiny_T2_000": {
        "sr": 0.95,
        "nr": -0.3024905982460731,
        "eta": 0.1261462668033389
      },
      "tiny_T3_000": {
        "sr": 0.0,
        "nr": -0.9725555554821961,
        "eta": null
      },
      "tiny_T4_000": {
        "sr": 1.0,
        "nr": -0.03133333303989508,
        "eta": 0.6148659673659673
      },
      "small-linear_T1_000": {
        "sr": 1.0,
        "nr": -0.6443202979515796,
        "eta": 0.03468208092485549
      },
      "small-linear_T2_000": {
        "sr": 1.0,
        "nr": -0.6443202980625753,
        "eta": 0.03468208092485549
      },
      "small-linear_T3_000": {
        "sr": 1.0,
        "nr": -0.658845437616384,
        "eta": 0.03461223195601813
      },
      "small-linear_T4_000": {
        "sr": 1.0,
        "nr": -0.6584729981377992,
        "eta": 0.03461243176997336
      }
    },
    "final": {
      "tiny_T1_000": {
        "sr": 0.8,
        "nr": -0.5619675213327775,
        "eta": 0.06051480909286902
      },
      "tiny_T2_000": {
        "sr": 0.95,
        "nr": -0.4324905982486203,
        "eta": 0.08254008667075015
      },
      "tiny_T3_000": {
        "sr": 0.0,
        "nr": -0.970936752058502,
        "eta": null
      },
      "tiny_T4_000": {
        "sr": 1.0,
        "nr": -0.035435897142459184,
        "eta": 0.575142896319367
      },
      "small-linear_T1_000": {
        "sr": 1.0,
        "nr": -0.6443202979515796,
        "eta": 0.03468208092485549
      },
      "small-linear_T2_000": {
        "sr": 1.0,
        "nr": -0.6443202980625753,
        "eta": 0.03468208092485549
      },
      "small-linear_T3_000": {
        "sr": 1.0,
        "nr": -0.6585661080074455,
        "eta": 0.03460729197960364
      },
      "small-linear_T4_000": {
        "sr": 1.0,
        "nr": -0.6573556797020452,
        "eta": 0.034622312707515236
      }
    }
  },
  "training_curves": {
    "tiny_T1_000": {
      "episode_rewards": [
        -0.019999990860620986
      ],
      "ttt": 1
    },
    "tiny_T2_000": {
      "episode_rewards": [
        -0.019999990860620986
      ],
      "ttt": 1
    },
    "tiny_T3_000": {
      "episode_rewards": [
        -67.33333333333346
      ],
      "ttt": 1
    },
    "tiny_T4_000": {
      "episode_rewards": [
        -8.059999942779541
      ],
      "ttt": 1
    },
    "small-linear_T1_000": {
      "episode_rewards": [
        -115.33333333333277
      ],
      "ttt": 1
    },
    "small-linear_T2_000": {
      "episode_rewards": [
        -115.333333353201
      ],
      "ttt": 1
    },
    "small-linear_T3_000": {
      "episode_rewards": [
        -168.0000000000004
      ],
      "ttt": 1
    },
    "small-linear_T4_000": {
      "episode_rewards": [
        -116.66666666666609
      ],
      "ttt": 1
    }
  },
  "forgetting": {
    "F_matrix": [
      [
        NaN,
        -0.19632478632478634,
        0.33357692308914966,
        0.20504017094261626
      ],
      [
        NaN,
        0.0,
        0.08551623927222263,
        -0.032603418849982635
      ],
      [
        NaN,
        0.0,
        0.6368341879559374,
        0.6306752136018536
      ],
      [
        NaN,
        0.0,
        -0.30875213704557564,
        -0.3105470088404474
      ],
      [
        NaN,
        0.0,
        0.0,
        0.0
      ],
      [
        NaN,
        0.0,
        0.0,
        0.0
      ],
      [
        NaN,
        -0.05474860335195553,
        -0.9990689013035361,
        -1.27690875232775
      ],
      [
        NaN,
        -0.0572625698324023,
        -1.0006517690875207,
        -1.2781191806331504
      ]
    ],
    "Z_vector": [
      NaN,
      NaN,
      NaN,
      NaN,
      NaN,
      NaN,
      NaN,
      NaN
    ],
    "nr_after": [
      [
        -0.19642735038048184,
        -0.00010256405569549223,
        -0.5300042734696315,
        -0.4014675213230981
      ],
      [
        -0.33509401709605574,
        -0.33509401709605574,
        -0.42061025636827837,
        -0.3024905982460731
      ],
      [
        -0.3418803418803425,
        -0.3418803418803425,
        -0.9787145298362798,
        -0.9725555554821961
      ],
      [
        -0.3418803418803425,
        -0.3418803418803425,
        -0.03312820483476688,
        -0.03133333303989508
      ],
      [
        -0.6443202979515796,
        -0.6443202979515796,
        -0.6443202979515796,
        -0.6443202979515796
      ],
      [
        -0.6443202980625753,
        -0.6443202980625753,
        -0.6443202980625753,
        -0.6443202980625753
      ],
      [
        -1.9357541899441342,
        -1.8810055865921786,
        -0.9366852886405981,
        -0.658845437616384
      ],
      [
        -1.9365921787709497,
        -1.8793296089385474,
        -0.9359404096834288,
        -0.6584729981377992
      ]
    ],