{
  "metadata": {
    "seed": 3
  },
  "checkpoints": {
    "after_stream_tiny": {
      "tiny_T1_000": {
        "sr": 1.0,
        "nr": -0.00010256405569549223,
        "eta": 0.75
      },
      "tiny_T2_000": {
        "sr": 1.0,
        "nr": -0.00018803414116557777,
        "eta": 0.7458333333333333
      },
      "tiny_T3_000": {
        "sr": 0.0,
        "nr": -0.3418803418803425,
        "eta": null
      },
      "tiny_T4_000": {
        "sr": 1.0,
        "nr": -0.0318461535527156,
        "eta": 0.6060984848484847
      },
      "small-linear_T1_000": {
        "sr": 0.3,
        "nr": -1.9914394785821752,
        "eta": 0.04483253949337924
      },
      "small-linear_T2_000": {
        "sr": 0.0,
        "nr": -2.4049348231467436,
        "eta": null
      },
      "small-linear_T3_000": {
        "sr": 0.3,
        "nr": -2.322261638725714,
        "eta": 0.03513994080272825
      },
      "small-linear_T4_000": {
        "sr": 0.1,
        "nr": -2.5604283054003707,
        "eta": 0.03208444592790387
      }
    },
    "after_stream_small-linear": {
      "tiny_T1_000": {
        "sr": 0.8,
        "nr": -0.5148760683414263,
        "eta": 0.07332661158874976
      },
      "tiny_T2_000": {
        "sr": 0.85,
        "nr": -0.5064196580801256,
        "eta": 0.07197128926002605
      },
      "tiny_T3_000": {
        "sr": 0.0,
        "nr": -0.9389196580903144,
        "eta": null
      },
      "tiny_T4_000": {
        "sr": 0.0,
        "nr": -0.3418803418803425,
        "eta": null
      },
      "small-linear_T1_000": {
        "sr": 1.0,
        "nr": -0.6443202979515796,
        "eta": 0.03468208092485549
      },
      "small-linear_T2_000": {
        "sr": 1.0,
        "nr": -0.6443202980625753,
        "eta": 0.03468208092485549
      },
      "small-linear_T3_000": {
        "sr": 0.0,
        "nr": -2.7374301675977653,
        "eta": null
      },
      "small-linear_T4_000": {
        "sr": 0.0,
        "nr": -2.5754189944134067,
        "eta": null
      }
    },
    "final": {
      "tiny_T1_000": {
        "sr": 1.0,
        "nr": -0.00010256405569549223,
        "eta": 0.75
      },
      "tiny_T2_000": {
        "sr": 1.0,
        "nr": -0.00010256405569549223,
        "eta": 0.75
      },
      "tiny_T3_000": {
        "sr": 0.0,
        "nr": -0.3418803418803425,
        "eta": null
      },
      "tiny_T4_000": {
        "sr": 1.0,
        "nr": -0.02799999970656175,
        "eta": 0.6464393939393939
      },
      "small-linear_T1_000": {
        "sr": 0.25,
        "nr": -2.1104283054003705,
        "eta": 0.03841895837996907
      },
      "small-linear_T2_000": {
        "sr": 0.35,
        "nr": -2.0366964618975434,
        "eta": 0.04038084881687077
      },
      "small-linear_T3_000": {
        "sr": 0.2,
        "nr": -2.3798966480367003,
        "eta": 0.038408310996314296
      },
      "small-linear_T4_000": {
        "sr": 0.05,
        "nr": -2.5691806331471123,
        "eta": 0.042704626334519574
      }
    }
  },
  "training_curves": {
    "tiny_T1_000": {
      "episode_rewards": [
        -0.35333332419395425
      ],
      "ttt": 1
    },
    "tiny_T2_000": {
      "episode_rewards": [
        -0.019999990860620986
      ],
      "ttt": 1
    },
    "tiny_T3_000": {
      "episode_rewards": [
        -66.6666666666668
      ],
      "ttt": 1
    },
    "tiny_T4_000": {
      "episode_rewards": [
        -5.059999942779541
      ],
      "ttt": 1
    },
    "small-linear_T1_000": {
      "episode_rewards": [
        -115.33333333333277
      ],
      "ttt": 1
    },
    "small-linear_T2_000": {
      "episode_rewards": [
        -115.333333353201
      ],
      "ttt": 1
    },
    "small-linear_T3_000": {
      "episode_rewards": [
        -490.0
      ],
      "ttt": 1
    },
    "small-linear_T4_000": {
      "episode_rewards": [
        -459.9999999999998
      ],
      "ttt": 1
    }
  },
  "forgetting": {
    "F_matrix": [
      [
        NaN,
        -0.5147735042857308
      ],
      [
        NaN,
        -0.50623162393896
      ],
      [
        NaN,
        -0.5970393162099719
      ],
      [
        NaN,
        -0.3100341883276269
      ],
      [
        NaN,
        1.3471191806305955
      ],
      [
        NaN,
        1.7606145250841683
      ],
      [
        NaN,
        -0.41516852887205147
      ],
      [
        NaN,
        -0.014990689013036018
      ]
    ],
    "Z_vector": [
      NaN,
      NaN,
      NaN,
      NaN,
      NaN,
      NaN,
      NaN,
      NaN
    ],
    "nr_after": [
      [
        -0.5148760683414263,
        -0.00010256405569549223
      ],
      [
        -0.5064196580801256,
        -0.00018803414116557777
      ],
      [
        -0.9389196580903144,
        -0.3418803418803425
      ],
      [
        -0.3418803418803425,
        -0.0318461535527156
      ],
      [
        -0.6443202979515796,
        -1.9914394785821752
      ],
      [
        -0.6443202980625753,
        -2.4049348231467436
      ],
      [
        -2.7374301675977653,
        -2.322261638725714
      ],
      [
        -2.5754189944134067,
        -2.5604283054003707
      ]
    ],
    "task_names": [
      "tiny_T1_000",
      "tiny_T2_000",
      "tiny_T3_000",
      "tiny_T4_000",
      "small-linear_T1_000",
      "small-linear_T2_000",
      "small-linear_T3_000",
      "small-linear_T4_000"
    ],
    "tier_names": [
      "stream_small-linear",
      "stream_tiny"
    ],
    "summary": {
      "mean_forgetting": 0.09368698188342331,
      "max_forgetting": 1.7606145250841683,
      "mean_zero_shot_transfer": null,
      "tasks_with_positive_transfer": 0
    }
  },
  "transfer": {
    "FT_SR": 0.55,
    "transfer_ratio": 55000000.0,
    "FT_NR": -0.49195716046719695,
    "FT_SR_significant": true,
    "BT_SR": -0.8333333333333334,
    "zero_shot_sr": 0.0125
  }
}