{
  "metadata": {
    "seed": 42
  },
  "checkpoints": {
    "after_stream_tiny": {
      "tiny_T1_000": {
        "sr": 1.0,
        "nr": -0.00010256405569549223,
        "eta": 0.75
      },
      "tiny_T2_000": {
        "sr": 1.0,
        "nr": -0.00027350422663566324,
        "eta": 0.7416666666666666
      },
      "tiny_T3_000": {
        "sr": 0.0,
        "nr": -0.3418803418803425,
        "eta": null
      },
      "tiny_T4_000": {
        "sr": 1.0,
        "nr": -0.03210256380912585,
        "eta": 0.6084265734265735
      },
      "small-linear_T1_000": {
        "sr": 0.25,
        "nr": -2.097116387334392,
        "eta": 0.04291350398916742
      },
      "small-linear_T2_000": {
        "sr": 0.35,
        "nr": -2.1251396648904897,
        "eta": 0.037724995134735685
      },
      "small-linear_T3_000": {
        "sr": 0.2,
        "nr": -2.402243016751784,
        "eta": 0.03723478940485788
      },
      "small-linear_T4_000": {
        "sr": 0.3,
        "nr": -2.3214152700186204,
        "eta": 0.04001110479306587
      }
    },
    "after_stream_small-linear": {
      "tiny_T1_000": {
        "sr": 1.0,
        "nr": -0.00010256405569549223,
        "eta": 0.75
      },
      "tiny_T2_000": {
        "sr": 1.0,
        "nr": -0.00010256405569549223,
        "eta": 0.75
      },
      "tiny_T3_000": {
        "sr": 0.0,
        "nr": -1.0256410256410255,
        "eta": null
      },
      "tiny_T4_000": {
        "sr": 1.0,
        "nr": -0.03133333303989508,
        "eta": 0.6211159673659673
      },
      "small-linear_T1_000": {
        "sr": 1.0,
        "nr": -0.6499068901303504,
        "eta": 0.0343839541547278
      },
      "small-linear_T2_000": {
        "sr": 0.0,
        "nr": -0.931098696461827,
        "eta": null
      },
      "small-linear_T3_000": {
        "sr": 1.0,
        "nr": -0.6812849162011138,
        "eta": 0.03431041419580101
      },
      "small-linear_T4_000": {
        "sr": 0.0,
        "nr": -2.7746741154562375,
        "eta": null
      }
    },
    "final": {
      "tiny_T1_000": {
        "sr": 1.0,
        "nr": -0.00010256405569549223,
        "eta": 0.75
      },
      "tiny_T2_000": {
        "sr": 1.0,
        "nr": -0.0001880341411655777,
        "eta": 0.7458333333333333
      },
      "tiny_T3_000": {
        "sr": 0.0,
        "nr": -0.3418803418803425,
        "eta": null
      },
      "tiny_T4_000": {
        "sr": 1.0,
        "nr": -0.029794871501433545,
        "eta": 0.6296678321678322
      },
      "small-linear_T1_000": {
        "sr": 0.3,
        "nr": -2.0646210428278744,
        "eta": 0.03779205074779254
      },
      "small-linear_T2_000": {
        "sr": 0.25,
        "nr": -2.233987895786427,
        "eta": 0.03486987623819155
      },
      "small-linear_T3_000": {
        "sr": 0.15,
        "nr": -2.4312169459722996,
        "eta": 0.04194382463487235
      },
      "small-linear_T4_000": {
        "sr": 0.25,
        "nr": -2.3937616387337046,
        "eta": 0.04049909433882902
      }
    }
  },
  "training_curves": {
    "tiny_T1_000": {
      "episode_rewards": [
        -0.019999990860620986
      ],
      "ttt": 1
    },
    "tiny_T2_000": {
      "episode_rewards": [
        -0.019999990860620986
      ],
      "ttt": 1
    },
    "tiny_T3_000": {
      "episode_rewards": [
        -66.6666666666668
      ],
      "ttt": 1
    },
    "tiny_T4_000": {
      "episode_rewards": [
        -7.059999942779541
      ],
      "ttt": 1
    },
    "small-linear_T1_000": {
      "episode_rewards": [
        -166.66666666666703
      ],
      "ttt": 1
    },
    "small-linear_T2_000": {
      "episode_rewards": [
        -166.66666666666703
      ],
      "ttt": 1
    },
    "small-linear_T3_000": {
      "episode_rewards": [
        -92.66666666666647
      ],
      "ttt": 1
    },
    "small-linear_T4_000": {
      "episode_rewards": [
        -496.66666666666663
      ],
      "ttt": 1
    }
  },
  "forgetting": {
    "F_matrix": [
      [
        NaN,
        0.0
      ],
      [
        NaN,
        0.000170940170940171
      ],
      [
        NaN,
        -0.6837606837606831
      ],
      [
        NaN,
        0.000769230769230772
      ],
      [
        NaN,
        1.4472094972040415
      ],
      [
        NaN,
        1.1940409684286628
      ],
      [
        NaN,
        1.72095810055067
      ],
      [
        NaN,
        -0.4532588454376172
      ]
    ],
    "Z_vector": [
      NaN,
      NaN,
      NaN,
      NaN,
      NaN,
      NaN,
      NaN,
      NaN
    ],
    "nr_after": [
      [
        -0.00010256405569549223,
        -0.00010256405569549223
      ],
      [
        -0.00010256405569549223,
        -0.00027350422663566324
      ],
      [
        -1.0256410256410255,
        -0.3418803418803425
      ],
      [
        -0.03133333303989508,
        -0.03210256380912585
      ],
      [
        -0.6499068901303504,
        -2.097116387334392
      ],
      [
        -0.931098696461827,
        -2.1251396648904897
      ],
      [
        -0.6812849162011138,
        -2.402243016751784
      ],
      [
        -2.7746741154562375,
        -2.3214152700186204
      ]
    ],
    "task_names": [
      "tiny_T1_000",
      "tiny_T2_000",
      "tiny_T3_000",
      "tiny_T4_000",
      "small-linear_T1_000",
      "small-linear_T2_000",
      "small-linear_T3_000",
      "small-linear_T4_000"
    ],
    "tier_names": [
      "stream_small-linear",
      "stream_tiny"
    ],
    "summary": {
      "mean_forgetting": 0.4032661509906556,
      "max_forgetting": 1.72095810055067,
      "mean_zero_shot_transfer": null,
      "tasks_with_positive_transfer": 0
    }
  },
  "transfer": {
    "FT_SR": 0.525,
    "transfer_ratio": 52500000.0,
    "FT_NR": -0.5151614112894459,
    "FT_SR_significant": true,
    "BT_SR": -1.0,
    "zero_shot_sr": 0.0
  }
}