{
  "metadata": {
    "seed": 42
  },
  "checkpoints": {
    "after_stream_tiny": {
      "tiny_T1_000": {
        "sr": 0.0,
        "nr": -0.33509401709605574,
        "eta": null
      },
      "tiny_T2_000": {
        "sr": 1.0,
        "nr": -0.00010256405569549223,
        "eta": 0.75
      },
      "tiny_T3_000": {
        "sr": 0.0,
        "nr": -0.3418803418803425,
        "eta": null
      },
      "tiny_T4_000": {
        "sr": 0.0,
        "nr": -0.34220512805840975,
        "eta": null
      },
      "small-linear_T1_000": {
        "sr": 1.0,
        "nr": -1.683705772811918,
        "eta": 0.032451021959814294
      },
      "small-linear_T2_000": {
        "sr": 1.0,
        "nr": -1.6700186220849254,
        "eta": 0.0337281710743879
      },
      "small-linear_T3_000": {
        "sr": 0.1,
        "nr": -2.507169459962756,
        "eta": 0.033679735474728384
      },
      "small-linear_T4_000": {
        "sr": 0.1,
        "nr": -2.5462756052141517,
        "eta": 0.03385379363032995
      }
    },
    "after_stream_small-linear": {
      "tiny_T1_000": {
        "sr": 0.0,
        "nr": -0.3418803418803425,
        "eta": null
      },
      "tiny_T2_000": {
        "sr": 0.0,
        "nr": -0.3418803418803425,
        "eta": null
      },
      "tiny_T3_000": {
        "sr": 0.0,
        "nr": -0.3418803418803425,
        "eta": null
      },
      "tiny_T4_000": {
        "sr": 0.0,
        "nr": -0.3418803418803425,
        "eta": null
      },
      "small-linear_T1_000": {
        "sr": 0.0,
        "nr": -0.931098696461827,
        "eta": null
      },
      "small-linear_T2_000": {
        "sr": 0.0,
        "nr": -0.931098696461827,
        "eta": null
      },
      "small-linear_T3_000": {
        "sr": 0.0,
        "nr": -0.931098696461827,
        "eta": null
      },
      "small-linear_T4_000": {
        "sr": 0.0,
        "nr": -0.931098696461827,
        "eta": null
      }
    },
    "final": {
      "tiny_T1_000": {
        "sr": 0.0,
        "nr": -0.33509401709605574,
        "eta": null
      },
      "tiny_T2_000": {
        "sr": 1.0,
        "nr": -0.00010256405569549223,
        "eta": 0.75
      },
      "tiny_T3_000": {
        "sr": 0.0,
        "nr": -0.3418803418803425,
        "eta": null
      },
      "tiny_T4_000": {
        "sr": 0.0,
        "nr": -0.3432307690840507,
        "eta": null
      },
      "small-linear_T1_000": {
        "sr": 1.0,
        "nr": -1.6685288640595903,
        "eta": 0.03312514480517057
      },
      "small-linear_T2_000": {
        "sr": 1.0,
        "nr": -1.7095903166845525,
        "eta": 0.033043060653500336
      },
      "small-linear_T3_000": {
        "sr": 0.1,
        "nr": -2.530353817504654,
        "eta": 0.02985148514851485
      },
      "small-linear_T4_000": {
        "sr": 0.2,
        "nr": -2.502234636871507,
        "eta": 0.03189171229545775
      }
    }
  },
  "training_curves": {
    "tiny_T1_000": {
      "episode_rewards": [
        -0.019999990860620986
      ],
      "ttt": 1
    },
    "tiny_T2_000": {
      "episode_rewards": [
        -0.019999990860620986
      ],
      "ttt": 1
    },
    "tiny_T3_000": {
      "episode_rewards": [
        -66.6666666666668
      ],
      "ttt": 1
    },
    "tiny_T4_000": {
      "episode_rewards": [
        -66.02999997138993
      ],
      "ttt": 1
    },
    "small-linear_T1_000": {
      "episode_rewards": [
        -166.66666666666703
      ],
      "ttt": 1
    },
    "small-linear_T2_000": {
      "episode_rewards": [
        -166.66666666666703
      ],
      "ttt": 1
    },
    "small-linear_T3_000": {
      "episode_rewards": [
        -166.66666666666703
      ],
      "ttt": 1
    },
    "small-linear_T4_000": {
      "episode_rewards": [
        -166.66666666666703
      ],
      "ttt": 1
    }
  },
  "forgetting": {
    "F_matrix": [
      [
        NaN,
        -0.006786324784286757
      ],
      [
        NaN,
        -0.341777777824647
      ],
      [
        NaN,
        0.0
      ],
      [
        NaN,
        0.00032478617806724897
      ],
      [
        NaN,
        0.752607076350091
      ],
      [
        NaN,
        0.7389199256230984
      ],
      [
        NaN,
        1.5760707635009292
      ],
      [
        NaN,
        1.615176908752325
      ]
    ],
    "Z_vector": [
      NaN,
      NaN,
      NaN,
      NaN,
      NaN,
      NaN,
      NaN,
      NaN
    ],
    "nr_after": [
      [
        -0.3418803418803425,
        -0.33509401709605574
      ],
      [
        -0.3418803418803425,
        -0.00010256405569549223
      ],
      [
        -0.3418803418803425,
        -0.3418803418803425
      ],
      [
        -0.3418803418803425,
        -0.34220512805840975
      ],
      [
        -0.931098696461827,
        -1.683705772811918
      ],
      [
        -0.931098696461827,
        -1.6700186220849254
      ],
      [
        -0.931098696461827,
        -2.507169459962756
      ],
      [
        -0.931098696461827,
        -2.5462756052141517
      ]
    ],
    "task_names": [
      "tiny_T1_000",
      "tiny_T2_000",
      "tiny_T3_000",
      "tiny_T4_000",
      "small-linear_T1_000",
      "small-linear_T2_000",
      "small-linear_T3_000",
      "small-linear_T4_000"
    ],
    "tier_names": [
      "stream_small-linear",
      "stream_tiny"
    ],
    "summary": {
      "mean_forgetting": 0.5418169197244471,
      "max_forgetting": 1.615176908752325,
      "mean_zero_shot_transfer": null,
      "tasks_with_positive_transfer": 0
    }
  },
  "transfer": {
    "FT_SR": 0.40625,
    "transfer_ratio": 40625000.0,
    "FT_NR": -0.5443795301432023,
    "FT_SR_significant": true,
    "BT_SR": -1.0,
    "zero_shot_sr": 0.0
  }
}