{
  "metadata": {
    "seed": 2
  },
  "checkpoints": {
    "after_stream_tiny": {
      "tiny_T1_000": {
        "sr": 1.0,
        "nr": -0.00018803414116557777,
        "eta": 0.7458333333333333
      },
      "tiny_T2_000": {
        "sr": 1.0,
        "nr": -0.0003589743121057487,
        "eta": 0.7383333333333333
      },
      "tiny_T3_000": {
        "sr": 0.0,
        "nr": -0.9797452990621583,
        "eta": null
      },
      "tiny_T4_000": {
        "sr": 1.0,
        "nr": -0.0359487176552797,
        "eta": 0.5773464035964035
      },
      "small-linear_T1_000": {
        "sr": 0.25,
        "nr": -2.036690875232995,
        "eta": 0.039510688948075516
      },
      "small-linear_T2_000": {
        "sr": 0.35,
        "nr": -2.1300800745658126,
        "eta": 0.036173737675244455
      },
      "small-linear_T3_000": {
        "sr": 0.2,
        "nr": -2.4063482308964925,
        "eta": 0.03822674832138386
      },
      "small-linear_T4_000": {
        "sr": 0.05,
        "nr": -2.585847299813779,
        "eta": 0.0335195530726257
      }
    },
    "after_stream_small-linear": {
      "tiny_T1_000": {
        "sr": 0.95,
        "nr": -0.3559119657675425,
        "eta": 0.1052382727337685
      },
      "tiny_T2_000": {
        "sr": 0.8,
        "nr": -0.5932547008176137,
        "eta": 0.06640776940346868
      },
      "tiny_T3_000": {
        "sr": 0.2,
        "nr": -0.8914598289717977,
        "eta": 0.04139896554870612
      },
      "tiny_T4_000": {
        "sr": 0.7,
        "nr": -0.7168196578922434,
        "eta": 0.04650825447376445
      },
      "small-linear_T1_000": {
        "sr": 1.0,
        "nr": -0.6443202979515796,
        "eta": 0.03468208092485549
      },
      "small-linear_T2_000": {
        "sr": 1.0,
        "nr": -0.6443202980625753,
        "eta": 0.03468208092485549
      },
      "small-linear_T3_000": {
        "sr": 0.0,
        "nr": -2.7374301675977653,
        "eta": null
      },
      "small-linear_T4_000": {
        "sr": 0.0,
        "nr": -2.7374301675977653,
        "eta": null
      }
    },
    "final": {
      "tiny_T1_000": {
        "sr": 1.0,
        "nr": -0.00018803414116557777,
        "eta": 0.7458333333333333
      },
      "tiny_T2_000": {
        "sr": 1.0,
        "nr": -0.0002735042266356632,
        "eta": 0.7416666666666666
      },
      "tiny_T3_000": {
        "sr": 0.0,
        "nr": -0.97154017085703,
        "eta": null
      },
      "tiny_T4_000": {
        "sr": 1.0,
        "nr": -0.03235897406553611,
        "eta": 0.6031993006993006
      },
      "small-linear_T1_000": {
        "sr": 0.25,
        "nr": -2.1292392923651,
        "eta": 0.03726187872410304
      },
      "small-linear_T2_000": {
        "sr": 0.2,
        "nr": -2.2301703911337087,
        "eta": 0.0407816275931331
      },
      "small-linear_T3_000": {
        "sr": 0.3,
        "nr": -2.3393091247512414,
        "eta": 0.036253840656470124
      },
      "small-linear_T4_000": {
        "sr": 0.2,
        "nr": -2.4610800744878945,
        "eta": 0.03755814394979323
      }
    }
  },
  "training_curves": {
    "tiny_T1_000": {
      "episode_rewards": [
        -0.019999990860620986
      ],
      "ttt": 1
    },
    "tiny_T2_000": {
      "episode_rewards": [
        -0.019999990860620986
      ],
      "ttt": 1
    },
    "tiny_T3_000": {
      "episode_rewards": [
        -66.6666666666668
      ],
      "ttt": 1
    },
    "tiny_T4_000": {
      "episode_rewards": [
        -4.059999942779541
      ],
      "ttt": 1
    },
    "small-linear_T1_000": {
      "episode_rewards": [
        -115.33333333333277
      ],
      "ttt": 1
    },
    "small-linear_T2_000": {
      "episode_rewards": [
        -115.333333353201
      ],
      "ttt": 1
    },
    "small-linear_T3_000": {
      "episode_rewards": [
        -490.0
      ],
      "ttt": 1
    },
    "small-linear_T4_000": {
      "episode_rewards": [
        -490.0
      ],
      "ttt": 1
    }
  },
  "forgetting": {
    "F_matrix": [
      [
        NaN,
        -0.35572393162637694
      ],
      [
        NaN,
        -0.5928957265055079
      ],
      [
        NaN,
        0.0882854700903607
      ],
      [
        NaN,
        -0.6808709402369637
      ],
      [
        NaN,
        1.3923705772814154
      ],
      [
        NaN,
        1.4857597765032373
      ],
      [
        NaN,
        -0.3310819367012727
      ],
      [
        NaN,
        -0.15158286778398633
      ]
    ],
    "Z_vector": [
      NaN,
      NaN,
      NaN,
      NaN,
      NaN,
      NaN,
      NaN,
      NaN
    ],
    "nr_after": [
      [
        -0.3559119657675425,
        -0.00018803414116557777
      ],
      [
        -0.5932547008176137,
        -0.0003589743121057487
      ],
      [
        -0.8914598289717977,
        -0.9797452990621583
      ],
      [
        -0.7168196578922434,
        -0.0359487176552797
      ],
      [
        -0.6443202979515796,
        -2.036690875232995
      ],
      [
        -0.6443202980625753,
        -2.1300800745658126
      ],
      [
        -2.7374301675977653,
        -2.4063482308964925
      ],
      [
        -2.7374301675977653,
        -2.585847299813779
      ]
    ],
    "task_names": [
      "tiny_T1_000",
      "tiny_T2_000",
      "tiny_T3_000",
      "tiny_T4_000",
      "small-linear_T1_000",
      "small-linear_T2_000",
      "small-linear_T3_000",
      "small-linear_T4_000"
    ],
    "tier_names": [
      "stream_small-linear",
      "stream_tiny"
    ],
    "summary": {
      "mean_forgetting": 0.10678255262761321,
      "max_forgetting": 1.4857597765032373,
      "mean_zero_shot_transfer": null,
      "tasks_with_positive_transfer": 0
    }
  },
  "transfer": {
    "FT_SR": 0.49375,
    "transfer_ratio": 49375000.0,
    "FT_NR": -0.6294472167986697,
    "FT_SR_significant": true,
    "BT_SR": -1.0,
    "zero_shot_sr": 0.0
  }
}