{
  "metadata": {
    "seed": 42
  },
  "checkpoints": {
    "after_stream_tiny": {
      "tiny_T1_000": {
        "sr": 1.0,
        "nr": -0.00018803414116557777,
        "eta": 0.7458333333333333
      },
      "tiny_T2_000": {
        "sr": 1.0,
        "nr": -0.00010256405569549223,
        "eta": 0.75
      },
      "tiny_T3_000": {
        "sr": 0.0,
        "nr": -0.3418803418803425,
        "eta": null
      },
      "tiny_T4_000": {
        "sr": 1.0,
        "nr": -0.026205127911689954,
        "eta": 0.6731060606060606
      },
      "small-linear_T1_000": {
        "sr": 0.35,
        "nr": -2.0252327746741137,
        "eta": 0.04031475338615764
      },
      "small-linear_T2_000": {
        "sr": 0.2,
        "nr": -2.27160148983006,
        "eta": 0.036652055726831306
      },
      "small-linear_T3_000": {
        "sr": 0.35,
        "nr": -2.2720921787469743,
        "eta": 0.038061652586554605
      },
      "small-linear_T4_000": {
        "sr": 0.15,
        "nr": -2.462756052141526,
        "eta": 0.04160210493899524
      }
    },
    "after_stream_small-linear": {
      "tiny_T1_000": {
        "sr": 0.85,
        "nr": -0.5602632478261605,
        "eta": 0.06034117928398228
      },
      "tiny_T2_000": {
        "sr": 0.85,
        "nr": -0.5439333332985894,
        "eta": 0.07046637402494689
      },
      "tiny_T3_000": {
        "sr": 0.35,
        "nr": -0.8884162391964189,
        "eta": 0.035139905690740283
      },
      "tiny_T4_000": {
        "sr": 0.5,
        "nr": -0.7576358972451626,
        "eta": 0.04800833794977478
      },
      "small-linear_T1_000": {
        "sr": 1.0,
        "nr": -0.5027932960893844,
        "eta": 0.04444444444444444
      },
      "small-linear_T2_000": {
        "sr": 1.0,
        "nr": -0.6443202980625753,
        "eta": 0.03468208092485549
      },
      "small-linear_T3_000": {
        "sr": 0.0,
        "nr": -0.9378026070763523,
        "eta": null
      },
      "small-linear_T4_000": {
        "sr": 0.0,
        "nr": -0.9378026070763523,
        "eta": null
      }
    },
    "final": {
      "tiny_T1_000": {
        "sr": 1.0,
        "nr": -0.0002735042266356632,
        "eta": 0.7416666666666666
      },
      "tiny_T2_000": {
        "sr": 1.0,
        "nr": -0.00010256405569549223,
        "eta": 0.75
      },
      "tiny_T3_000": {
        "sr": 0.0,
        "nr": -0.3418803418803425,
        "eta": null
      },
      "tiny_T4_000": {
        "sr": 1.0,
        "nr": -0.029282050988613032,
        "eta": 0.6318073593073592
      },
      "small-linear_T1_000": {
        "sr": 0.35,
        "nr": -2.007169459962754,
        "eta": 0.03996709644067398
      },
      "small-linear_T2_000": {
        "sr": 0.4,
        "nr": -1.9602532589291273,
        "eta": 0.042716301382824486
      },
      "small-linear_T3_000": {
        "sr": 0.1,
        "nr": -2.5250549348150986,
        "eta": 0.03145003601934754
      },
      "small-linear_T4_000": {
        "sr": 0.15,
        "nr": -2.5043761638733693,
        "eta": 0.03537091391580555
      }
    }
  },
  "training_curves": {
    "tiny_T1_000": {
      "episode_rewards": [
        -0.019999990860620986
      ],
      "ttt": 1
    },
    "tiny_T2_000": {
      "episode_rewards": [
        -0.019999990860620986
      ],
      "ttt": 1
    },
    "tiny_T3_000": {
      "episode_rewards": [
        -66.6666666666668
      ],
      "ttt": 1
    },
    "tiny_T4_000": {
      "episode_rewards": [
        -5.059999942779541
      ],
      "ttt": 1
    },
    "small-linear_T1_000": {
      "episode_rewards": [
        -89.9999999999998
      ],
      "ttt": 1
    },
    "small-linear_T2_000": {
      "episode_rewards": [
        -115.333333353201
      ],
      "ttt": 1
    },
    "small-linear_T3_000": {
      "episode_rewards": [
        -99.66666666666633
      ],
      "ttt": 1
    },
    "small-linear_T4_000": {
      "episode_rewards": [
        -168.66666666666708
      ],
      "ttt": 1
    }
  },
  "forgetting": {
    "F_matrix": [
      [
        NaN,
        -0.560075213684995
      ],
      [
        NaN,
        -0.5438307692428939
      ],
      [
        NaN,
        -0.5465358973160763
      ],
      [
        NaN,
        -0.7314307693334726
      ],
      [
        NaN,
        1.5224394785847293
      ],
      [
        NaN,
        1.6272811917674848
      ],
      [
        NaN,
        1.334289571670622
      ],
      [
        NaN,
        1.5249534450651736
      ]
    ],
    "Z_vector": [
      NaN,
      NaN,
      NaN,
      NaN,
      NaN,
      NaN,
      NaN,
      NaN
    ],
    "nr_after": [
      [
        -0.5602632478261605,
        -0.00018803414116557777
      ],
      [
        -0.5439333332985894,
        -0.00010256405569549223
      ],
      [
        -0.8884162391964189,
        -0.3418803418803425
      ],
      [
        -0.7576358972451626,
        -0.026205127911689954
      ],
      [
        -0.5027932960893844,
        -2.0252327746741137
      ],
      [
        -0.6443202980625753,
        -2.27160148983006
      ],
      [
        -0.9378026070763523,
        -2.2720921787469743
      ],
      [
        -0.9378026070763523,
        -2.462756052141526
      ]
    ],
    "task_names": [
      "tiny_T1_000",
      "tiny_T2_000",
      "tiny_T3_000",
      "tiny_T4_000",
      "small-linear_T1_000",
      "small-linear_T2_000",
      "small-linear_T3_000",
      "small-linear_T4_000"
    ],
    "tier_names": [
      "stream_small-linear",
      "stream_tiny"
    ],
    "summary": {
      "mean_forgetting": 0.4533863796888214,
      "max_forgetting": 1.6272811917674848,
      "mean_zero_shot_transfer": null,
      "tasks_with_positive_transfer": 0
    }
  },
  "transfer": {
    "FT_SR": 0.475,
    "transfer_ratio": 47500000.0,
    "FT_NR": -0.5686414463835804,
    "FT_SR_significant": true,
    "BT_SR": -1.0,
    "zero_shot_sr": 0.175
  }
}