{
  "metadata": {
    "seed": 42
  },
  "checkpoints": {
    "after_stream_tiny": {
      "tiny_T1_000": {
        "sr": 0.0,
        "nr": -0.33509401709605574,
        "eta": null
      },
      "tiny_T2_000": {
        "sr": 1.0,
        "nr": -0.00010256405569549223,
        "eta": 0.75
      },
      "tiny_T3_000": {
        "sr": 0.0,
        "nr": -1.0256410256410255,
        "eta": null
      },
      "tiny_T4_000": {
        "sr": 1.0,
        "nr": -0.03158974329630534,
        "eta": 0.6058799533799533
      },
      "small-linear_T1_000": {
        "sr": 0.15,
        "nr": -2.2288640595903146,
        "eta": 0.03606342595605302
      },
      "small-linear_T2_000": {
        "sr": 0.5,
        "nr": -1.853363128583634,
        "eta": 0.04274136664446414
      },
      "small-linear_T3_000": {
        "sr": 0.1,
        "nr": -2.4983324022266444,
        "eta": 0.03516087516087516
      },
      "small-linear_T4_000": {
        "sr": 0.2,
        "nr": -2.467877094972066,
        "eta": 0.03558475144181244
      }
    },
    "after_stream_small-linear": {
      "tiny_T1_000": {
        "sr": 0.0,
        "nr": -0.537997435901918,
        "eta": null
      },
      "tiny_T2_000": {
        "sr": 0.0,
        "nr": -0.3418803418803425,
        "eta": null
      },
      "tiny_T3_000": {
        "sr": 0.0,
        "nr": -0.3418803418803425,
        "eta": null
      },
      "tiny_T4_000": {
        "sr": 0.0,
        "nr": -0.3418803418803425,
        "eta": null
      },
      "small-linear_T1_000": {
        "sr": 1.0,
        "nr": -1.2569832402234582,
        "eta": 0.03468208092485549
      },
      "small-linear_T2_000": {
        "sr": 1.0,
        "nr": -0.6443202980625753,
        "eta": 0.03468208092485549
      },
      "small-linear_T3_000": {
        "sr": 0.0,
        "nr": -0.9370577281191828,
        "eta": null
      },
      "small-linear_T4_000": {
        "sr": 0.0,
        "nr": -0.9374301675977676,
        "eta": null
      }
    },
    "final": {
      "tiny_T1_000": {
        "sr": 0.0,
        "nr": -0.33509401709605574,
        "eta": null
      },
      "tiny_T2_000": {
        "sr": 1.0,
        "nr": -0.0001880341411655777,
        "eta": 0.7458333333333333
      },
      "tiny_T3_000": {
        "sr": 0.0,
        "nr": -1.0256410256410255,
        "eta": null
      },
      "tiny_T4_000": {
        "sr": 1.0,
        "nr": -0.02953846124502329,
        "eta": 0.6317890442890441
      },
      "small-linear_T1_000": {
        "sr": 0.15,
        "nr": -2.24823091247672,
        "eta": 0.033008180902421504
      },
      "small-linear_T2_000": {
        "sr": 0.2,
        "nr": -2.2197420857388868,
        "eta": 0.04133664425824733
      },
      "small-linear_T3_000": {
        "sr": 0.2,
        "nr": -2.409505586584187,
        "eta": 0.03786094193009556
      },
      "small-linear_T4_000": {
        "sr": 0.15,
        "nr": -2.4798035381670536,
        "eta": 0.03919838311005504
      }
    }
  },
  "training_curves": {
    "tiny_T1_000": {
      "episode_rewards": [
        -0.019999990860620986
      ],
      "ttt": 1
    },
    "tiny_T2_000": {
      "episode_rewards": [
        -0.019999990860620986
      ],
      "ttt": 1
    },
    "tiny_T3_000": {
      "episode_rewards": [
        -66.6666666666668
      ],
      "ttt": 1
    },
    "tiny_T4_000": {
      "episode_rewards": [
        -5.059999942779541
      ],
      "ttt": 1
    },
    "small-linear_T1_000": {
      "episode_rewards": [
        -117.9999999999994
      ],
      "ttt": 1
    },
    "small-linear_T2_000": {
      "episode_rewards": [
        -203.33333334326872
      ],
      "ttt": 1
    },
    "small-linear_T3_000": {
      "episode_rewards": [
        -166.66666666666703
      ],
      "ttt": 1
    },
    "small-linear_T4_000": {
      "episode_rewards": [
        -167.3333333333337
      ],
      "ttt": 1
    }
  },
  "forgetting": {
    "F_matrix": [
      [
        NaN,
        -0.2029034188058622
      ],
      [
        NaN,
        -0.341777777824647
      ],
      [
        NaN,
        0.6837606837606831
      ],
      [
        NaN,
        -0.3102905985840372
      ],
      [
        NaN,
        0.9718808193668564
      ],
      [
        NaN,
        1.2090428305210588
      ],
      [
        NaN,
        1.5612746741074617
      ],
      [
        NaN,
        1.5304469273742982
      ]
    ],
    "Z_vector": [
      NaN,
      NaN,
      NaN,
      NaN,
      NaN,
      NaN,
      NaN,
      NaN
    ],
    "nr_after": [
      [
        -0.537997435901918,
        -0.33509401709605574
      ],
      [
        -0.3418803418803425,
        -0.00010256405569549223
      ],
      [
        -0.3418803418803425,
        -1.0256410256410255
      ],
      [
        -0.3418803418803425,
        -0.03158974329630534
      ],
      [
        -1.2569832402234582,
        -2.2288640595903146
      ],
      [
        -0.6443202980625753,
        -1.853363128583634
      ],
      [
        -0.9370577281191828,
        -2.4983324022266444
      ],
      [
        -0.9374301675977676,
        -2.467877094972066
      ]
    ],
    "task_names": [
      "tiny_T1_000",
      "tiny_T2_000",
      "tiny_T3_000",
      "tiny_T4_000",
      "small-linear_T1_000",
      "small-linear_T2_000",
      "small-linear_T3_000",
      "small-linear_T4_000"
    ],
    "tier_names": [
      "stream_small-linear",
      "stream_tiny"
    ],
    "summary": {
      "mean_forgetting": 0.6376792674894765,
      "max_forgetting": 1.5612746741074617,
      "mean_zero_shot_transfer": null,
      "tasks_with_positive_transfer": 0
    }
  },
  "transfer": {
    "FT_SR": -0.3875,
    "transfer_ratio": 0.48333333333333334,
    "FT_NR": -0.814486937752794,
    "FT_eta": 0.0019287946671970868,
    "FT_SR_significant": true,
    "BT_SR": -1.0,
    "zero_shot_sr": 0.0
  }
}