{
  "metadata": {
    "seed": 42
  },
  "checkpoints": {
    "after_stream_tiny": {
      "tiny_T1_000": {
        "sr": 1.0,
        "nr": -0.00010256405569549223,
        "eta": 0.75
      },
      "tiny_T2_000": {
        "sr": 1.0,
        "nr": -0.0005299144830459198,
        "eta": 0.7314393939393938
      },
      "tiny_T3_000": {
        "sr": 0.0,
        "nr": -1.0256410256410255,
        "eta": null
      },
      "tiny_T4_000": {
        "sr": 1.0,
        "nr": -0.031076922783484826,
        "eta": 0.6238723776223776
      }
    },
    "final": {
      "tiny_T1_000": {
        "sr": 1.0,
        "nr": -0.00010256405569549223,
        "eta": 0.75
      },
      "tiny_T2_000": {
        "sr": 1.0,
        "nr": -0.00010256405569549223,
        "eta": 0.75
      },
      "tiny_T3_000": {
        "sr": 0.0,
        "nr": -1.0256410256410255,
        "eta": null
      },
      "tiny_T4_000": {
        "sr": 1.0,
        "nr": -0.0318461535527156,
        "eta": 0.6059448884448883
      }
    }
  },
  "training_curves": {
    "tiny_T1_000": {
      "episode_rewards": [
        -0.019999990860620986
      ],
      "ttt": 1
    },
    "tiny_T2_000": {
      "episode_rewards": [
        -0.019999990860620986
      ],
      "ttt": 1
    },
    "tiny_T3_000": {
      "episode_rewards": [
        -66.6666666666668
      ],
      "ttt": 1
    },
    "tiny_T4_000": {
      "episode_rewards": [
        -8.059999942779541
      ],
      "ttt": 1
    }
  },
  "forgetting": {
    "F_matrix": [
      [
        NaN
      ],
      [
        NaN
      ],
      [
        NaN
      ],
      [
        NaN
      ]
    ],
    "Z_vector": [
      NaN,
      NaN,
      NaN,
      NaN
    ],
    "nr_after": [
      [
        -0.00010256405569549223
      ],
      [
        -0.0005299144830459198
      ],
      [
        -1.0256410256410255
      ],
      [
        -0.031076922783484826
      ]
    ],
    "task_names": [
      "tiny_T1_000",
      "tiny_T2_000",
      "tiny_T3_000",
      "tiny_T4_000"
    ],
    "tier_names": [
      "stream_tiny"
    ],
    "summary": {
      "mean_forgetting": null,
      "max_forgetting": null,
      "mean_zero_shot_transfer": null,
      "tasks_with_positive_transfer": 0
    }
  },
  "transfer": {
    "BT_SR": -1.0,
    "zero_shot_sr": 0.0
  }
}