{
  "metadata": {
    "seed": 1
  },
  "checkpoints": {
    "after_T1": {
      "tiny_T1_000": {
        "sr": 0.0,
        "nr": -0.3418803418803425,
        "eta": null
      },
      "tiny_T2_000": {
        "sr": 0.0,
        "nr": -0.3418803418803425,
        "eta": null
      },
      "tiny_T3_000": {
        "sr": 0.0,
        "nr": -0.3418803418803425,
        "eta": null
      },
      "tiny_T4_000": {
        "sr": 0.0,
        "nr": -0.3418803418803425,
        "eta": null
      },
      "small-linear_T1_000": {
        "sr": 1.0,
        "nr": -0.6443202979515796,
        "eta": 0.03468208092485549
      },
      "small-linear_T2_000": {
        "sr": 1.0,
        "nr": -0.6443202980625753,
        "eta": 0.03468208092485549
      },
      "small-linear_T3_000": {
        "sr": 1.0,
        "nr": -1.8801675977653631,
        "eta": 0.034627252930813326
      },
      "small-linear_T4_000": {
        "sr": 1.0,
        "nr": -1.8818435754189946,
        "eta": 0.03459729714360224
      }
    },
    "after_T2": {
      "tiny_T1_000": {
        "sr": 0.0,
        "nr": -0.3418803418803425,
        "eta": null
      },
      "tiny_T2_000": {
        "sr": 0.0,
        "nr": -0.3418803418803425,
        "eta": null
      },
      "tiny_T3_000": {
        "sr": 0.0,
        "nr": -0.3418803418803425,
        "eta": null
      },
      "tiny_T4_000": {
        "sr": 0.0,
        "nr": -0.3418803418803425,
        "eta": null
      },
      "small-linear_T1_000": {
        "sr": 1.0,
        "nr": -0.6443202979515796,
        "eta": 0.03468208092485549
      },
      "small-linear_T2_000": {
        "sr": 1.0,
        "nr": -0.6443202980625753,
        "eta": 0.03468208092485549
      },
      "small-linear_T3_000": {
        "sr": 1.0,
        "nr": -1.8824953445065176,
        "eta": 0.03460252235852199
      },
      "small-linear_T4_000": {
        "sr": 1.0,
        "nr": -1.8793296089385474,
        "eta": 0.0346421590224361
      }
    },
    "after_T3": {
      "tiny_T1_000": {
        "sr": 1.0,
        "nr": -0.18540170935484077,
        "eta": 0.24320712215987697
      },
      "tiny_T2_000": {
        "sr": 1.0,
        "nr": -0.00010256405569549223,
        "eta": 0.75
      },
      "tiny_T3_000": {
        "sr": 0.0,
        "nr": -0.3418803418803425,
        "eta": null
      },
      "tiny_T4_000": {
        "sr": 1.0,
        "nr": -0.03466666637322842,
        "eta": 0.5958499524211598
      },
      "small-linear_T1_000": {
        "sr": 1.0,
        "nr": -0.6443202979515796,
        "eta": 0.03468208092485549
      },
      "small-linear_T2_000": {
        "sr": 1.0,
        "nr": -0.6443202980625753,
        "eta": 0.03468208092485549
      },
      "small-linear_T3_000": {
        "sr": 1.0,
        "nr": -0.6569832402234602,
        "eta": 0.03463219290722781
      },
      "small-linear_T4_000": {
        "sr": 1.0,
        "nr": -1.8818435754189946,
        "eta": 0.034597411779891056
      }
    },
    "after_T4": {
      "tiny_T1_000": {
        "sr": 0.95,
        "nr": -0.530527350382927,
        "eta": 0.059392503097398505
      },
      "tiny_T2_000": {
        "sr": 0.0,
        "nr": -0.5772282051326872,
        "eta": null
      },
      "tiny_T3_000": {
        "sr": 0.0,
        "nr": -0.3418803418803425,
        "eta": null
      },
      "tiny_T4_000": {
        "sr": 0.0,
        "nr": -0.3418803418803425,
        "eta": null
      },
      "small-linear_T1_000": {
        "sr": 1.0,
        "nr": -0.6443202979515796,
        "eta": 0.03468208092485549
      },
      "small-linear_T2_000": {
        "sr": 1.0,
        "nr": -0.6443202980625753,
        "eta": 0.03468208092485549
      },
      "small-linear_T3_000": {
        "sr": 1.0,
        "nr": -0.6590316573556763,
        "eta": 0.03460229431471934
      },
      "small-linear_T4_000": {
        "sr": 1.0,
        "nr": -0.6581936685288607,
        "eta": 0.03462739530318235
      }
    },
    "final": {
      "tiny_T1_000": {
        "sr": 0.8,
        "nr": -0.46803589740370066,
        "eta": 0.0887505165954703
      },
      "tiny_T2_000": {
        "sr": 0.0,
        "nr": -0.6215820512888771,
        "eta": null
      },
      "tiny_T3_000": {
        "sr": 0.0,
        "nr": -0.3418803418803425,
        "eta": null
      },
      "tiny_T4_000": {
        "sr": 0.0,
        "nr": -0.3418803418803425,
        "eta": null
      },
      "small-linear_T1_000": {
        "sr": 1.0,
        "nr": -0.6443202979515796,
        "eta": 0.03468208092485549
      },
      "small-linear_T2_000": {
        "sr": 1.0,
        "nr": -0.6443202980625753,
        "eta": 0.03468208092485549
      },
      "small-linear_T3_000": {
        "sr": 1.0,
        "nr": -0.6594972067039073,
        "eta": 0.03460732045351315
      },
      "small-linear_T4_000": {
        "sr": 1.0,
        "nr": -0.6590316573556763,
        "eta": 0.034622312707515236
      }
    }
  },
  "training_curves": {
    "tiny_T1_000": {
      "episode_rewards": [
        -0.019999990860620986
      ],
      "ttt": 1
    },
    "tiny_T2_000": {
      "episode_rewards": [
        -0.019999990860620986
      ],
      "ttt": 1
    },
    "tiny_T3_000": {
      "episode_rewards": [
        -66.6666666666668
      ],
      "ttt": 1
    },
    "tiny_T4_000": {
      "episode_rewards": [
        -7.059999942779541
      ],
      "ttt": 1
    },
    "small-linear_T1_000": {
      "episode_rewards": [
        -115.33333333333277
      ],
      "ttt": 1
    },
    "small-linear_T2_000": {
      "episode_rewards": [
        -115.333333353201
      ],
      "ttt": 1
    },
    "small-linear_T3_000": {
      "episode_rewards": [
        -118.33333333333273
      ],
      "ttt": 1
    },
    "small-linear_T4_000": {
      "episode_rewards": [
        -119.99999999999937
      ],
      "ttt": 1
    }
  },
  "forgetting": {
    "F_matrix": [
      [
        NaN,
        0.0,
        -0.15647863252550173,
        0.18864700850258448
      ],
      [
        NaN,
        0.0,
        -0.341777777824647,
        0.23534786325234475
      ],
      [
        NaN,
        0.0,
        0.0,
        0.0
      ],
      [
        NaN,
        0.0,
        -0.3072136755071141,
        0.0
      ],
      [
        NaN,
        0.0,
        0.0,
        0.0
      ],
      [
        NaN,
        0.0,
        0.0,
        0.0
      ],
      [
        NaN,
        0.002327746741154435,
        -1.223184357541903,
        -1.2211359404096869
      ],
      [
        NaN,
        -0.002513966480447216,
        0.0,
        -1.2236499068901339
      ]
    ],
    "Z_vector": [
      NaN,
      NaN,
      NaN,
      NaN,
      NaN,
      NaN,
      NaN,
      NaN
    ],
    "nr_after": [
      [
        -0.3418803418803425,
        -0.3418803418803425,
        -0.18540170935484077,
        -0.530527350382927
      ],
      [
        -0.3418803418803425,
        -0.3418803418803425,
        -0.00010256405569549223,
        -0.5772282051326872
      ],
      [
        -0.3418803418803425,
        -0.3418803418803425,
        -0.3418803418803425,
        -0.3418803418803425
      ],
      [
        -0.3418803418803425,
        -0.3418803418803425,
        -0.03466666637322842,
        -0.3418803418803425
      ],
      [
        -0.6443202979515796,
        -0.6443202979515796,
        -0.6443202979515796,
        -0.6443202979515796
      ],
      [
        -0.6443202980625753,
        -0.6443202980625753,
        -0.6443202980625753,
        -0.6443202980625753
      ],
      [
        -1.8801675977653631,
        -1.8824953445065176,
        -0.6569832402234602,
        -0.6590316573556763
      ],
      [
        -1.8818435754189946,
        -1.8793296089385474,
        -1.8818435754189946,
        -0.6581936685288607
      ]
    ],