{
  "metadata": {
    "seed": 3
  },
  "checkpoints": {
    "after_T1": {
      "tiny_T1_000": {
        "sr": 1.0,
        "nr": -0.00010256405569549223,
        "eta": 0.75
      },
      "tiny_T2_000": {
        "sr": 0.0,
        "nr": -0.33509401709605574,
        "eta": null
      },
      "tiny_T3_000": {
        "sr": 0.0,
        "nr": -0.3418803418803425,
        "eta": null
      },
      "tiny_T4_000": {
        "sr": 0.0,
        "nr": -0.3418803418803425,
        "eta": null
      },
      "small-linear_T1_000": {
        "sr": 0.0,
        "nr": -0.931098696461827,
        "eta": null
      },
      "small-linear_T2_000": {
        "sr": 0.0,
        "nr": -0.931098696461827,
        "eta": null
      },
      "small-linear_T3_000": {
        "sr": 1.0,
        "nr": -1.937150837988827,
        "eta": 0.03460734917430624
      },
      "small-linear_T4_000": {
        "sr": 0.0,
        "nr": -2.793296089385475,
        "eta": null
      }
    },
    "after_T2": {
      "tiny_T1_000": {
        "sr": 1.0,
        "nr": -0.16258119653432795,
        "eta": 0.2619962378483612
      },
      "tiny_T2_000": {
        "sr": 0.0,
        "nr": -0.4627008547028923,
        "eta": null
      },
      "tiny_T3_000": {
        "sr": 0.0,
        "nr": -0.3418803418803425,
        "eta": null
      },
      "tiny_T4_000": {
        "sr": 0.0,
        "nr": -0.3418803418803425,
        "eta": null
      },
      "small-linear_T1_000": {
        "sr": 1.0,
        "nr": -0.6443202979515796,
        "eta": 0.03468208092485549
      },
      "small-linear_T2_000": {
        "sr": 1.0,
        "nr": -0.6443202980625753,
        "eta": 0.03468208092485549
      },
      "small-linear_T3_000": {
        "sr": 1.0,
        "nr": -1.9354748603351954,
        "eta": 0.03463724751993112
      },
      "small-linear_T4_000": {
        "sr": 1.0,
        "nr": -1.935195530726257,
        "eta": 0.03464215902243611
      }
    },
    "after_T3": {
      "tiny_T1_000": {
        "sr": 0.8,
        "nr": -0.5956452991106571,
        "eta": 0.06787032869961021
      },
      "tiny_T2_000": {
        "sr": 0.95,
        "nr": -0.3508666666246887,
        "eta": 0.10596172554261778
      },
      "tiny_T3_000": {
        "sr": 0.0,
        "nr": -0.9961538461538461,
        "eta": null
      },
      "tiny_T4_000": {
        "sr": 1.0,
        "nr": -0.0300512817578438,
        "eta": 0.6215909090909091
      },
      "small-linear_T1_000": {
        "sr": 0.15,
        "nr": -0.9146182495344526,
        "eta": 0.03458232403679555
      },
      "small-linear_T2_000": {
        "sr": 0.15,
        "nr": -1.027932960957682,
        "eta": 0.03383500544918939
      },
      "small-linear_T3_000": {
        "sr": 0.05,
        "nr": -0.9770018621973963,
        "eta": 0.034482758620689655
      },
      "small-linear_T4_000": {
        "sr": 0.05,
        "nr": -2.728398510242086,
        "eta": 0.03361344537815126
      }
    },
    "after_T4": {
      "tiny_T1_000": {
        "sr": 0.9,
        "nr": -0.5311230768810988,
        "eta": 0.06590633230440474
      },
      "tiny_T2_000": {
        "sr": 0.7,
        "nr": -0.6644410256137196,
        "eta": 0.05500203244909436
      },
      "tiny_T3_000": {
        "sr": 0.1,
        "nr": -0.9218564101977228,
        "eta": 0.033165368758589095
      },
      "tiny_T4_000": {
        "sr": 0.75,
        "nr": -0.5810854698653913,
        "eta": 0.08621668735974843
      },
      "small-linear_T1_000": {
        "sr": 1.0,
        "nr": -0.6683426443202944,
        "eta": 0.036105675559092755
      },
      "small-linear_T2_000": {
        "sr": 1.0,
        "nr": -0.6043761640232123,
        "eta": 0.04201400428958134
      },
      "small-linear_T3_000": {
        "sr": 0.2,
        "nr": -0.9195614525059769,
        "eta": 0.03918931178448819
      },
      "small-linear_T4_000": {
        "sr": 0.1,
        "nr": -1.2284916201117344,
        "eta": 0.03907203907203907
      }
    },
    "final": {
      "tiny_T1_000": {
        "sr": 0.75,
        "nr": -0.5723897435624375,
        "eta": 0.07965274868614017
      },
      "tiny_T2_000": {
        "sr": 0.65,
        "nr": -0.6511051281802674,
        "eta": 0.06532204628825762
      },
      "tiny_T3_000": {
        "sr": 0.2,
        "nr": -0.862480341797201,
        "eta": 0.05145810838030517
      },
      "tiny_T4_000": {
        "sr": 0.95,
        "nr": -0.510976068097302,
        "eta": 0.06300937033083412
      },
      "small-linear_T1_000": {
        "sr": 0.8,
        "nr": -0.7005586592178755,
        "eta": 0.03927244222630649
      },
      "small-linear_T2_000": {
        "sr": 1.0,
        "nr": -0.6340782124181448,
        "eta": 0.03896120241591251
      },
      "small-linear_T3_000": {
        "sr": 0.2,
        "nr": -0.9324953445065197,
        "eta": 0.03445819987374669
      },
      "small-linear_T4_000": {
        "sr": 0.25,
        "nr": -1.0835195530726272,
        "eta": 0.03854045550327571
      }
    }
  },
  "training_curves": {
    "tiny_T1_000": {
      "episode_rewards": [
        -0.019999990860620986
      ],
      "ttt": 1
    },
    "tiny_T2_000": {
      "episode_rewards": [
        -0.019999990860620986
      ],
      "ttt": 1
    },
    "tiny_T3_000": {
      "episode_rewards": [
        -66.6666666666668
      ],
      "ttt": 1
    },
    "tiny_T4_000": {
      "episode_rewards": [
        -6.059999942779541
      ],
      "ttt": 1
    },
    "small-linear_T1_000": {
      "episode_rewards": [
        -166.66666666666703
      ],
      "ttt": 1
    },
    "small-linear_T2_000": {
      "episode_rewards": [
        -115.333333353201
      ],
      "ttt": 1
    },
    "small-linear_T3_000": {
      "episode_rewards": [
        -177.333333333334
      ],
      "ttt": 1
    },
    "small-linear_T4_000": {
      "episode_rewards": [
        -126.99999999999928
      ],
      "ttt": 1
    }
  },
  "forgetting": {
    "F_matrix": [
      [
        NaN,
        0.16247863247863245,
        0.5955427350549616,
        0.5310205128254033
      ],
      [
        NaN,
        0.12760683760683655,
        0.015772649528632943,
        0.3293470085176639
      ],
      [
        NaN,
        0.0,
        0.6542735042735035,
        0.5799760683173802
      ],
      [
        NaN,
        0.0,
        -0.31182906012249867,
        0.23920512798504884
      ],
      [
        NaN,
        -0.28677839851024733,
        -0.01648044692737438,
        -0.2627560521415325
      ],
      [
        NaN,
        -0.2867783983992517,
        0.09683426449585497,
        -0.3267225324386147
      ],
      [
        NaN,
        -0.0016759776536314774,
        -0.9601489757914307,
        -1.0175893854828502
      ],
      [
        NaN,
        -0.8581005586592179,
        -0.064897579143389,
        -1.5648044692737404
      ]
    ],
    "Z_vector": [
      NaN,
      NaN,
      NaN,
      NaN,
      NaN,
      NaN,
      NaN,
      NaN
    ],