{
  "metadata": {
    "seed": 42
  },
  "checkpoints": {
    "after_stream_tiny": {
      "tiny_T1_000": {
        "sr": 1.0,
        "nr": -0.00018803414116557777,
        "eta": 0.7458333333333333
      },
      "tiny_T2_000": {
        "sr": 1.0,
        "nr": -0.00018803414116557777,
        "eta": 0.7458333333333333
      },
      "tiny_T3_000": {
        "sr": 0.0,
        "nr": -0.3418803418803425,
        "eta": null
      },
      "tiny_T4_000": {
        "sr": 1.0,
        "nr": -0.028769230475792516,
        "eta": 0.6459557109557108
      },
      "small-linear_T1_000": {
        "sr": 0.25,
        "nr": -2.050651769087521,
        "eta": 0.04379586221441198
      },
      "small-linear_T2_000": {
        "sr": 0.3,
        "nr": -2.112112663011976,
        "eta": 0.03858158758148128
      },
      "small-linear_T3_000": {
        "sr": 0.25,
        "nr": -2.337649906858163,
        "eta": 0.040837677139455304
      },
      "small-linear_T4_000": {
        "sr": 0.15,
        "nr": -2.5510242085661066,
        "eta": 0.03035056292639332
      }
    },
    "after_stream_small-linear": {
      "tiny_T1_000": {
        "sr": 0.95,
        "nr": -0.45651025636583303,
        "eta": 0.08047653219372282
      },
      "tiny_T2_000": {
        "sr": 0.85,
        "nr": -0.5452230768835442,
        "eta": 0.0731379689988697
      },
      "tiny_T3_000": {
        "sr": 0.05,
        "nr": -0.9242470084907665,
        "eta": 0.03614457831325301
      },
      "tiny_T4_000": {
        "sr": 0.65,
        "nr": -0.6727247860900356,
        "eta": 0.05713606126343539
      },
      "small-linear_T1_000": {
        "sr": 1.0,
        "nr": -0.6443202979515796,
        "eta": 0.03468208092485549
      },
      "small-linear_T2_000": {
        "sr": 1.0,
        "nr": -0.6443202980625753,
        "eta": 0.03468208092485549
      },
      "small-linear_T3_000": {
        "sr": 0.0,
        "nr": -2.756052141527002,
        "eta": null
      },
      "small-linear_T4_000": {
        "sr": 0.0,
        "nr": -2.756052141527002,
        "eta": null
      }
    },
    "final": {
      "tiny_T1_000": {
        "sr": 1.0,
        "nr": -0.0001880341411655777,
        "eta": 0.7458333333333333
      },
      "tiny_T2_000": {
        "sr": 1.0,
        "nr": -0.00010256405569549223,
        "eta": 0.75
      },
      "tiny_T3_000": {
        "sr": 0.0,
        "nr": -0.3418803418803425,
        "eta": null
      },
      "tiny_T4_000": {
        "sr": 1.0,
        "nr": -0.03158974329630534,
        "eta": 0.6152414252414251
      },
      "small-linear_T1_000": {
        "sr": 0.4,
        "nr": -2.0688109869647273,
        "eta": 0.03309679463815299
      },
      "small-linear_T2_000": {
        "sr": 0.55,
        "nr": -1.8038314712252919,
        "eta": 0.04166616150066958
      },
      "small-linear_T3_000": {
        "sr": 0.3,
        "nr": -2.427577281175823,
        "eta": 0.03127058521338255
      },
      "small-linear_T4_000": {
        "sr": 0.25,
        "nr": -2.4815726256903305,
        "eta": 0.032302754315307484
      }
    }
  },
  "training_curves": {
    "tiny_T1_000": {
      "episode_rewards": [
        -0.019999990860620986
      ],
      "ttt": 1
    },
    "tiny_T2_000": {
      "episode_rewards": [
        -0.019999990860620986
      ],
      "ttt": 1
    },
    "tiny_T3_000": {
      "episode_rewards": [
        -66.6666666666668
      ],
      "ttt": 1
    },
    "tiny_T4_000": {
      "episode_rewards": [
        -6.059999942779541
      ],
      "ttt": 1
    },
    "small-linear_T1_000": {
      "episode_rewards": [
        -115.33333333333277
      ],
      "ttt": 1
    },
    "small-linear_T2_000": {
      "episode_rewards": [
        -115.333333353201
      ],
      "ttt": 1
    },
    "small-linear_T3_000": {
      "episode_rewards": [
        -119.99999999999937
      ],
      "ttt": 1
    },
    "small-linear_T4_000": {
      "episode_rewards": [
        -493.3333333333333
      ],
      "ttt": 1
    }
  },
  "forgetting": {
    "F_matrix": [
      [
        NaN,
        -0.45632222222466745
      ],
      [
        NaN,
        -0.5450350427423787
      ],
      [
        NaN,
        -0.5823666666104239
      ],
      [
        NaN,
        -0.6439555556142431
      ],
      [
        NaN,
        1.4063314711359414
      ],
      [
        NaN,
        1.467792364949401
      ],
      [
        NaN,
        -0.41840223466883897
      ],
      [
        NaN,
        -0.2050279329608955
      ]
    ],
    "Z_vector": [
      NaN,
      NaN,
      NaN,
      NaN,
      NaN,
      NaN,
      NaN,
      NaN
    ],
    "nr_after": [
      [
        -0.45651025636583303,
        -0.00018803414116557777
      ],
      [
        -0.5452230768835442,
        -0.00018803414116557777
      ],
      [
        -0.9242470084907665,
        -0.3418803418803425
      ],
      [
        -0.6727247860900356,
        -0.028769230475792516
      ],
      [
        -0.6443202979515796,
        -2.050651769087521
      ],
      [
        -0.6443202980625753,
        -2.112112663011976
      ],
      [
        -2.756052141527002,
        -2.337649906858163
      ],
      [
        -2.756052141527002,
        -2.5510242085661066
      ]
    ],
    "task_names": [
      "tiny_T1_000",
      "tiny_T2_000",
      "tiny_T3_000",
      "tiny_T4_000",
      "small-linear_T1_000",
      "small-linear_T2_000",
      "small-linear_T3_000",
      "small-linear_T4_000"
    ],
    "tier_names": [
      "stream_small-linear",
      "stream_tiny"
    ],
    "summary": {
      "mean_forgetting": 0.002876772657986859,
      "max_forgetting": 1.467792364949401,
      "mean_zero_shot_transfer": null,
      "tasks_with_positive_transfer": 0
    }
  },
  "transfer": {
    "FT_SR": 0.45625,
    "transfer_ratio": 45625000.0,
    "FT_NR": -0.5861119257807869,
    "FT_SR_significant": true,
    "BT_SR": -1.0,
    "zero_shot_sr": 0.0
  }
}