{
  "metadata": {
    "seed": 0
  },
  "checkpoints": {
    "after_stream_tiny": {
      "tiny_T1_000": {
        "sr": 1.0,
        "nr": -0.00018803414116557777,
        "eta": 0.7458333333333333
      },
      "tiny_T2_000": {
        "sr": 1.0,
        "nr": -0.00018803414116557777,
        "eta": 0.7458333333333333
      },
      "tiny_T3_000": {
        "sr": 0.0,
        "nr": -0.3418803418803425,
        "eta": null
      },
      "tiny_T4_000": {
        "sr": 1.0,
        "nr": -0.030307692014254053,
        "eta": 0.6213636363636362
      },
      "small-linear_T1_000": {
        "sr": 0.35,
        "nr": -2.10167597765363,
        "eta": 0.034285682680536216
      },
      "small-linear_T2_000": {
        "sr": 0.4,
        "nr": -2.127190875310582,
        "eta": 0.033252802744177565
      },
      "small-linear_T3_000": {
        "sr": 0.25,
        "nr": -2.4118333333253412,
        "eta": 0.03272856031694989
      },
      "small-linear_T4_000": {
        "sr": 0.25,
        "nr": -2.4366936685236458,
        "eta": 0.03397168760463866
      }
    },
    "after_stream_small-linear": {
      "tiny_T1_000": {
        "sr": 0.85,
        "nr": -0.5719752136356809,
        "eta": 0.06258788118325838
      },
      "tiny_T2_000": {
        "sr": 0.0,
        "nr": -0.5623564102608923,
        "eta": null
      },
      "tiny_T3_000": {
        "sr": 0.0,
        "nr": -0.3418803418803425,
        "eta": null
      },
      "tiny_T4_000": {
        "sr": 0.0,
        "nr": -0.3418803418803425,
        "eta": null
      },
      "small-linear_T1_000": {
        "sr": 1.0,
        "nr": -0.6443202979515796,
        "eta": 0.03468208092485549
      },
      "small-linear_T2_000": {
        "sr": 1.0,
        "nr": -0.6443202980625753,
        "eta": 0.03468208092485549
      },
      "small-linear_T3_000": {
        "sr": 0.0,
        "nr": -0.9378026070763523,
        "eta": null
      },
      "small-linear_T4_000": {
        "sr": 0.0,
        "nr": -0.9378026070763523,
        "eta": null
      }
    },
    "final": {
      "tiny_T1_000": {
        "sr": 1.0,
        "nr": -0.00010256405569549223,
        "eta": 0.75
      },
      "tiny_T2_000": {
        "sr": 1.0,
        "nr": -0.00010256405569549223,
        "eta": 0.75
      },
      "tiny_T3_000": {
        "sr": 0.0,
        "nr": -0.3418803418803425,
        "eta": null
      },
      "tiny_T4_000": {
        "sr": 1.0,
        "nr": -0.0300512817578438,
        "eta": 0.6230303030303029
      },
      "small-linear_T1_000": {
        "sr": 0.35,
        "nr": -2.0628519553045965,
        "eta": 0.039644724175090316
      },
      "small-linear_T2_000": {
        "sr": 0.25,
        "nr": -2.1519636872205425,
        "eta": 0.0432194152475093
      },
      "small-linear_T3_000": {
        "sr": 0.15,
        "nr": -2.500939478576738,
        "eta": 0.03151705290654847
      },
      "small-linear_T4_000": {
        "sr": 0.3,
        "nr": -2.3865921787709485,
        "eta": 0.03482418721019187
      }
    }
  },
  "training_curves": {
    "tiny_T1_000": {
      "episode_rewards": [
        -0.019999990860620986
      ],
      "ttt": 1
    },
    "tiny_T2_000": {
      "episode_rewards": [
        -0.019999990860620986
      ],
      "ttt": 1
    },
    "tiny_T3_000": {
      "episode_rewards": [
        -66.6666666666668
      ],
      "ttt": 1
    },
    "tiny_T4_000": {
      "episode_rewards": [
        -5.059999942779541
      ],
      "ttt": 1
    },
    "small-linear_T1_000": {
      "episode_rewards": [
        -115.33333333333277
      ],
      "ttt": 1
    },
    "small-linear_T2_000": {
      "episode_rewards": [
        -115.333333353201
      ],
      "ttt": 1
    },
    "small-linear_T3_000": {
      "episode_rewards": [
        -167.3333333333337
      ],
      "ttt": 1
    },
    "small-linear_T4_000": {
      "episode_rewards": [
        -167.3333333333337
      ],
      "ttt": 1
    }
  },
  "forgetting": {
    "F_matrix": [
      [
        NaN,
        -0.5717871794945154
      ],
      [
        NaN,
        -0.5621683761197268
      ],
      [
        NaN,
        0.0
      ],
      [
        NaN,
        -0.31157264986608846
      ],
      [
        NaN,
        1.4573556797020502
      ],
      [
        NaN,
        1.4828705772480066
      ],
      [
        NaN,
        1.474030726248989
      ],
      [
        NaN,
        1.4988910614472934
      ]
    ],
    "Z_vector": [
      NaN,
      NaN,
      NaN,
      NaN,
      NaN,
      NaN,
      NaN,
      NaN
    ],
    "nr_after": [
      [
        -0.5719752136356809,
        -0.00018803414116557777
      ],
      [
        -0.5623564102608923,
        -0.00018803414116557777
      ],
      [
        -0.3418803418803425,
        -0.3418803418803425
      ],
      [
        -0.3418803418803425,
        -0.030307692014254053
      ],
      [
        -0.6443202979515796,
        -2.10167597765363
      ],
      [
        -0.6443202980625753,
        -2.127190875310582
      ],
      [
        -0.9378026070763523,
        -2.4118333333253412
      ],
      [
        -0.9378026070763523,
        -2.4366936685236458
      ]
    ],
    "task_names": [
      "tiny_T1_000",
      "tiny_T2_000",
      "tiny_T3_000",
      "tiny_T4_000",
      "small-linear_T1_000",
      "small-linear_T2_000",
      "small-linear_T3_000",
      "small-linear_T4_000"
    ],
    "tier_names": [
      "stream_small-linear",
      "stream_tiny"
    ],
    "summary": {
      "mean_forgetting": 0.5584524798957511,
      "max_forgetting": 1.4988910614472934,
      "mean_zero_shot_transfer": null,
      "tasks_with_positive_transfer": 0
    }
  },
  "transfer": {
    "FT_SR": 0.49375,
    "transfer_ratio": 49375000.0,
    "FT_NR": -0.5543008194469689,
    "FT_SR_significant": true,
    "BT_SR": -1.0,
    "zero_shot_sr": 0.17500000000000002
  }
}